{"info": {"timing": {"qpu_sampling_time": 81489.92, "qpu_anneal_time_per_sample": 20.0, "qpu_readout_time_per_sample": 39.04, "qpu_access_time": 89936.52, "qpu_access_overhead_time": 22481.48, "qpu_programming_time": 8446.6, "qpu_delay_time_per_sample": 20.54, "post_processing_overhead_time": 3038.0, "total_post_processing_time": 3038.0}, "problem_id": "f57ead32-a4f9-48d5-b4dc-ca1d41147532", "problem_label": "QFS experiment qubo_synth_10 #9", "dt": 0.07811093330383301}, "record": [[[0, 0, 0, 0, 1, 1, 0, 1, 0, 1], -0.9536027792006272, 144, 0.0], [[0, 0, 0, 0, 1, 0, 0, 1, 0, 1], -0.9457571063599115, 84, 0.0], [[1, 0, 0, 0, 1, 1, 0, 1, 0, 1], -0.9429371961858459, 35, 0.0], [[0, 0, 1, 0, 1, 1, 0, 1, 0, 1], -0.9428607433659484, 34, 0.0], [[0, 1, 0, 0, 1, 1, 0, 1, 0, 1], -0.9421178061844637, 30, 0.0], [[0, 0, 0, 0, 1, 1, 0, 1, 1, 1], -0.9419777918404217, 22, 0.0], [[0, 0, 0, 1, 1, 1, 0, 1, 0, 1], -0.9417095732909215, 36, 0.0], [[0, 0, 0, 0, 1, 1, 1, 1, 0, 1], -0.941096953714659, 58, 0.0], [[1, 0, 0, 0, 1, 0, 0, 1, 0, 1], -0.9381060093234463, 21, 0.0], [[0, 0, 1, 0, 1, 0, 0, 1, 0, 1], -0.9380203623531247, 13, 0.0], [[0, 0, 0, 0, 1, 0, 0, 1, 1, 1], -0.9373016642931511, 18, 0.0], [[0, 1, 0, 0, 1, 0, 0, 1, 0, 1], -0.9372746135614749, 22, 0.0], [[0, 0, 0, 1, 1, 0, 0, 1, 0, 1], -0.9371779976553503, 25, 0.0], [[0, 0, 0, 0, 1, 0, 1, 1, 0, 1], -0.9364034642767336, 33, 0.0], [[0, 0, 0, 0, 0, 1, 0, 1, 0, 1], -0.9342941257932865, 44, 0.0], [[1, 0, 0, 0, 1, 1, 0, 1, 0, 1], -0.9429371961858459, 7, 0.1], [[1, 0, 1, 0, 1, 1, 0, 1, 0, 1], -0.9289927006276191, 8, 0.0], [[0, 0, 1, 1, 1, 1, 0, 1, 0, 1], -0.9274588569533724, 7, 0.0], [[1, 0, 1, 0, 1, 0, 0, 1, 0, 1], -0.9271668055931115, 5, 0.0], [[0, 0, 1, 0, 0, 1, 0, 1, 0, 1], -0.9265441318471852, 20, 0.0], [[1, 0, 0, 0, 0, 1, 0, 1, 0, 1], -0.926515082118495, 10, 0.0], [[1, 0, 0, 0, 1, 0, 0, 1, 0, 1], -0.9381060093234463, 5, 0.1], [[0, 1, 0, 0, 0, 1, 0, 1, 0, 1], -0.9261837945880093, 22, 0.0], [[0, 0, 1, 1, 1, 0, 0, 1, 0, 1], -0.9259325731456929, 6, 0.0], [[0, 0, 0, 1, 0, 1, 0, 1, 0, 1], -0.9259030058317478, 22, 0.0], [[0, 0, 0, 0, 0, 1, 0, 1, 1, 1], -0.9258327886377047, 20, 0.0], [[0, 0, 1, 0, 1, 1, 1, 1, 0, 1], -0.9253173471188245, 7, 0.0], [[0, 0, 0, 0, 0, 1, 1, 1, 0, 1], -0.9252084175272491, 30, 0.0], [[0, 0, 1, 0, 1, 0, 1, 1, 0, 1], -0.9236291495087912, 5, 0.0], [[0, 0, 0, 1, 1, 1, 1, 1, 0, 1], -0.9225147986195141, 8, 0.0], [[0, 0, 0, 1, 1, 0, 1, 1, 0, 1], -0.9211354063867329, 3, 0.0], [[0, 1, 0, 1, 1, 1, 0, 1, 0, 1], -0.9204811789599903, 4, 0.0], [[1, 0, 0, 1, 1, 1, 0, 1, 0, 1], -0.9204410547009274, 2, 0.1], [[0, 0, 0, 0, 1, 1, 0, 1, 0, 1], -0.9536027792006272, 5, 0.1], [[0, 1, 0, 1, 1, 0, 0, 1, 0, 1], -0.9189520835421457, 3, 0.0], [[1, 0, 0, 1, 1, 0, 0, 1, 0, 1], -0.9189239650436721, 4, 0.0], [[1, 0, 1, 0, 1, 0, 0, 1, 0, 1], -0.9271668055931115, 3, 0.1], [[0, 0, 0, 0, 1, 1, 1, 1, 0, 1], -0.941096953714659, 9, 0.1], [[1, 0, 0, 1, 1, 0, 0, 1, 0, 1], -0.9189239650436721, 1, 0.1], [[1, 0, 0, 0, 1, 1, 0, 1, 1, 1], -0.9177260589421441, 3, 0.0], [[1, 0, 0, 0, 1, 0, 0, 1, 1, 1], -0.9160644173731896, 3, 0.0], [[1, 0, 1, 0, 0, 1, 0, 1, 0, 1], -0.9155626284488456, 2, 0.0], [[0, 0, 1, 1, 0, 1, 0, 1, 0, 1], -0.9146443313827759, 6, 0.0], [[0, 0, 0, 0, 1, 1, 0, 1, 0, 1], -0.9536027792006272, 4, 0.1], [[1, 0, 0, 0, 0, 1, 0, 1, 0, 1], -0.926515082118495, 6, 0.1], [[0, 0, 1, 0, 0, 1, 1, 1, 0, 1], -0.912420852819992, 7, 0.0], [[1, 0, 0, 0, 1, 1, 0, 1, 0, 1], -0.9429371961858459, 2, 0.1], [[0, 0, 0, 0, 0, 0, 0, 1, 0, 1], -0.9113441603427025, 6, 0.0], [[0, 0, 0, 1, 1, 1, 0, 1, 1, 1], -0.9110289329339527, 2, 0.0], [[0, 0, 0, 0, 1, 1, 0, 1, 1, 1], -0.9419777918404217, 3, 0.1], [[0, 0, 1, 0, 1, 1, 0, 1, 1, 1], -0.9104753211772593, 4, 0.0], [[0, 0, 0, 1, 0, 1, 1, 1, 0, 1], -0.9101283483802708, 5, 0.0], [[0, 0, 0, 1, 1, 0, 0, 1, 1, 1], -0.9096669025918263, 1, 0.0], [[0, 1, 0, 0, 1, 1, 0, 1, 0, 1], -0.9421178061844637, 1, 0.1], [[0, 0, 0, 0, 1, 1, 0, 1, 1, 1], -0.9419777918404217, 5, 0.1], [[0, 0, 0, 1, 1, 1, 0, 1, 0, 1], -0.9417095732909215, 1, 0.1], [[0, 0, 0, 0, 1, 1, 0, 1, 1, 1], -0.9419777918404217, 1, 0.1], [[0, 0, 0, 0, 1, 1, 1, 1, 0, 1], -0.941096953714659, 1, 0.1], [[0, 0, 1, 0, 0, 0, 0, 1, 0, 1], -0.9065994582244932, 1, 0.0], [[1, 0, 0, 0, 0, 0, 0, 1, 0, 1], -0.9065796026462271, 1, 0.0], [[0, 1, 0, 0, 1, 1, 0, 1, 0, 1], -0.9421178061844637, 2, 0.1], [[0, 1, 0, 0, 1, 1, 1, 1, 0, 1], -0.8889050191231603, 3, 0.1], [[0, 0, 0, 1, 0, 0, 0, 1, 0, 1], -0.906267137586308, 7, 0.0], [[0, 1, 0, 0, 0, 0, 0, 1, 0, 1], -0.9062363093551521, 5, 0.0], [[0, 0, 0, 0, 0, 0, 0, 1, 1, 1], -0.9060523684805657, 5, 0.0], [[1, 0, 0, 0, 1, 1, 0, 1, 1, 1], -0.9177260589421441, 1, 0.1], [[0, 0, 0, 0, 1, 1, 0, 1, 1, 1], -0.9419777918404217, 1, 0.1], [[1, 0, 1, 0, 0, 1, 0, 1, 0, 1], -0.9155626284488456, 1, 0.1], [[0, 0, 0, 0, 0, 0, 1, 1, 0, 1], -0.9054106354794554, 4, 0.0], [[0, 0, 0, 0, 1, 1, 1, 1, 0, 1], -0.941096953714659, 2, 0.1], [[1, 0, 0, 1, 0, 1, 0, 1, 0, 1], -0.9075210265817434, 1, 0.1], [[1, 0, 1, 1, 1, 0, 0, 1, 0, 1], -0.9044760808104668, 1, 0.0], [[1, 0, 0, 0, 0, 1, 0, 1, 1, 1], -0.9044675950794168, 1, 0.0], [[1, 0, 0, 0, 1, 0, 0, 1, 1, 1], -0.9160644173731896, 2, 0.1], [[0, 1, 0, 0, 1, 0, 0, 1, 0, 1], -0.9372746135614749, 2, 0.1], [[0, 0, 1, 1, 1, 1, 1, 1, 0, 1], -0.9032265115208089, 1, 0.0], [[1, 0, 1, 1, 1, 1, 0, 1, 0, 1], -0.9029878786398302, 1, 0.0], [[0, 0, 0, 0, 1, 0, 0, 1, 1, 1], -0.9373016642931511, 1, 0.1], [[0, 0, 0, 0, 1, 1, 1, 1, 1, 1], -0.902506793522527, 2, 0.0], [[0, 0, 0, 1, 1, 1, 0, 1, 0, 1], -0.9417095732909215, 2, 0.1], [[0, 1, 1, 0, 1, 1, 0, 1, 0, 1], -0.902331018930381, 1, 0.0], [[0, 0, 1, 0, 1, 1, 1, 1, 0, 1], -0.9253173471188245, 2, 0.1], [[0, 0, 0, 0, 0, 1, 1, 1, 0, 1], -0.9252084175272491, 8, 0.1], [[0, 0, 0, 0, 1, 0, 0, 1, 1, 1], -0.9373016642931511, 1, 0.1], [[0, 0, 0, 0, 1, 1, 0, 1, 0, 1], -0.9536027792006272, 1, 0.1], [[1, 1, 0, 0, 1, 1, 0, 1, 0, 1], -0.9007098187157648, 2, 0.0], [[0, 1, 1, 0, 1, 0, 0, 1, 0, 1], -0.9004931181352842, 1, 0.0], [[0, 1, 0, 0, 1, 0, 0, 1, 0, 1], -0.9372746135614749, 2, 0.1], [[1, 0, 0, 0, 1, 1, 0, 1, 0, 1], -0.9429371961858459, 1, 0.2], [[1, 0, 1, 0, 0, 0, 0, 1, 0, 1], -0.8986324408044697, 1, 0.0], [[0, 0, 0, 1, 0, 1, 0, 1, 1, 1], -0.8983860156794023, 3, 0.0], [[0, 0, 1, 1, 0, 0, 0, 1, 0, 1], -0.8980137549652281, 1, 0.0], [[0, 0, 0, 0, 1, 1, 1, 1, 0, 1], -0.941096953714659, 1, 0.1], [[0, 0, 1, 0, 1, 0, 1, 1, 0, 1], -0.9236291495087912, 3, 0.1], [[0, 0, 1, 0, 0, 1, 0, 1, 1, 1], -0.8973223598631196, 2, 0.0], [[1, 1, 0, 0, 1, 0, 0, 1, 0, 1], -0.8988811120710921, 2, 0.1], [[0, 0, 1, 0, 0, 0, 1, 1, 0, 1], -0.8956283626000903, 2, 0.0], [[0, 0, 0, 1, 1, 0, 1, 1, 0, 1], -0.9211354063867329, 1, 0.1], [[0, 0, 0, 0, 1, 1, 0, 1, 0, 1], -0.9536027792006272, 2, 0.1], [[0, 1, 0, 0, 0, 1, 1, 1, 0, 1], -0.8763911247466366, 2, 0.1], [[0, 0, 1, 1, 0, 1, 1, 1, 0, 1], -0.893832103170143, 3, 0.0], [[0, 0, 1, 0, 1, 1, 0, 1, 0, 1], -0.9428607433659484, 1, 0.1], [[0, 0, 0, 0, 0, 1, 0, 1, 1, 1], -0.9258327886377047, 1, 0.1], [[0, 1, 1, 0, 1, 0, 0, 1, 0, 1], -0.9004931181352842, 1, 0.1], [[0, 0, 0, 1, 1, 1, 0, 1, 0, 1], -0.9417095732909215, 1, 0.1], [[0, 0, 0, 0, 1, 0, 0, 1, 0, 1], -0.9457571063599115, 1, 0.1], [[0, 1, 0, 1, 0, 0, 0, 1, 0, 1], -0.8914158652839898, 1, 0.0], [[1, 0, 0, 0, 0, 1, 0, 1, 1, 1], -0.9044675950794168, 1, 0.1], [[0, 0, 1, 0, 1, 1, 1, 1, 0, 1], -0.9253173471188245, 1, 0.1], [[0, 1, 0, 0, 0, 1, 0, 1, 0, 1], -0.9261837945880093, 1, 0.1], [[1, 0, 0, 0, 1, 1, 0, 1, 0, 1], -0.9429371961858459, 2, 0.1], [[0, 0, 0, 0, 0, 1, 1, 1, 1, 1], -0.8897819075397406, 2, 0.0], [[1, 1, 0, 0, 0, 1, 0, 1, 0, 1], -0.8876623464593002, 1, 0.0], [[0, 1, 0, 1, 1, 0, 0, 1, 0, 1], -0.9189520835421457, 1, 0.1], [[1, 0, 0, 0, 1, 1, 0, 1, 0, 1], -0.9429371961858459, 1, 0.1], [[1, 0, 1, 0, 1, 0, 0, 1, 1, 1], -0.884364778814371, 1, 0.0], [[0, 0, 0, 0, 1, 1, 1, 1, 0, 1], -0.941096953714659, 1, 0.2], [[0, 0, 0, 1, 1, 0, 0, 1, 0, 1], -0.9371779976553503, 1, 0.1], [[0, 0, 0, 0, 1, 1, 1, 1, 1, 1], -0.902506793522527, 1, 0.1], [[0, 0, 0,