{"info": {"timing": {"qpu_sampling_time": 129781.76, "qpu_anneal_time_per_sample": 20.0, "qpu_readout_time_per_sample": 86.2, "qpu_access_time": 138226.76, "qpu_access_overhead_time": 11597.24, "qpu_programming_time": 8445.0, "qpu_delay_time_per_sample": 20.54, "post_processing_overhead_time": 1145.0, "total_post_processing_time": 1145.0}, "problem_id": "6e33b158-f911-4acb-ac2e-49edeaaafe9f", "problem_label": "QFS experiment qubo_synth_10 #8", "dt": 0.08436298370361328}, "record": [[[0, 0, 0, 0, 1, 1, 0, 1, 0, 1], -0.9536027792006272, 123, 0.0], [[0, 0, 0, 0, 1, 0, 0, 1, 0, 1], -0.9457571063599115, 112, 0.0], [[1, 0, 0, 0, 1, 1, 0, 1, 0, 1], -0.9429371961858459, 24, 0.0], [[0, 0, 1, 0, 1, 1, 0, 1, 0, 1], -0.9428607433659484, 43, 0.0], [[0, 1, 0, 0, 1, 1, 0, 1, 0, 1], -0.9421178061844637, 39, 0.0], [[0, 0, 0, 0, 1, 1, 0, 1, 1, 1], -0.9419777918404217, 38, 0.0], [[0, 0, 0, 1, 1, 1, 0, 1, 0, 1], -0.9417095732909215, 19, 0.0], [[0, 0, 0, 0, 1, 1, 1, 1, 0, 1], -0.941096953714659, 34, 0.0], [[1, 0, 0, 0, 1, 0, 0, 1, 0, 1], -0.9381060093234463, 31, 0.0], [[0, 0, 1, 0, 1, 0, 0, 1, 0, 1], -0.9380203623531247, 46, 0.0], [[0, 0, 0, 0, 1, 0, 0, 1, 1, 1], -0.9373016642931511, 49, 0.0], [[0, 1, 0, 0, 1, 0, 0, 1, 0, 1], -0.9372746135614749, 61, 0.0], [[0, 0, 0, 1, 1, 0, 0, 1, 0, 1], -0.9371779976553503, 24, 0.0], [[0, 0, 0, 0, 1, 0, 1, 1, 0, 1], -0.9364034642767336, 33, 0.0], [[0, 0, 0, 0, 0, 1, 0, 1, 0, 1], -0.9342941257932865, 27, 0.0], [[1, 0, 1, 0, 1, 1, 0, 1, 0, 1], -0.9289927006276191, 10, 0.0], [[0, 0, 1, 1, 1, 1, 0, 1, 0, 1], -0.9274588569533724, 3, 0.0], [[1, 0, 1, 0, 1, 0, 0, 1, 0, 1], -0.9271668055931115, 8, 0.0], [[0, 0, 1, 0, 0, 1, 0, 1, 0, 1], -0.9265441318471852, 6, 0.0], [[1, 0, 0, 0, 0, 1, 0, 1, 0, 1], -0.926515082118495, 4, 0.0], [[0, 1, 0, 0, 0, 1, 0, 1, 0, 1], -0.9261837945880093, 6, 0.0], [[0, 0, 1, 1, 1, 0, 0, 1, 0, 1], -0.9259325731456929, 6, 0.0], [[0, 0, 0, 1, 0, 1, 0, 1, 0, 1], -0.9259030058317478, 1, 0.0], [[0, 0, 0, 0, 0, 1, 0, 1, 1, 1], -0.9258327886377047, 8, 0.0], [[0, 0, 1, 0, 1, 1, 1, 1, 0, 1], -0.9253173471188245, 7, 0.0], [[0, 0, 0, 0, 0, 1, 1, 1, 0, 1], -0.9252084175272491, 2, 0.0], [[0, 0, 1, 0, 1, 0, 1, 1, 0, 1], -0.9236291495087912, 17, 0.0], [[0, 0, 0, 1, 1, 0, 1, 1, 0, 1], -0.9211354063867329, 4, 0.0], [[0, 1, 0, 1, 1, 1, 0, 1, 0, 1], -0.9204811789599903, 9, 0.0], [[1, 0, 0, 1, 1, 1, 0, 1, 0, 1], -0.9204410547009274, 3, 0.0], [[0, 1, 0, 1, 1, 0, 0, 1, 0, 1], -0.9189520835421457, 6, 0.0], [[1, 0, 0, 1, 1, 0, 0, 1, 0, 1], -0.9189239650436721, 4, 0.0], [[1, 0, 0, 0, 1, 1, 0, 1, 1, 1], -0.9177260589421441, 3, 0.0], [[1, 0, 0, 0, 1, 0, 0, 1, 1, 1], -0.9160644173731896, 5, 0.0], [[1, 0, 1, 0, 0, 1, 0, 1, 0, 1], -0.9155626284488456, 1, 0.0], [[0, 0, 1, 0, 1, 1, 0, 1, 0, 1], -0.9428607433659484, 4, 0.1], [[0, 1, 0, 0, 1, 1, 0, 1, 0, 1], -0.9421178061844637, 4, 0.1], [[0, 0, 1, 0, 0, 1, 1, 1, 0, 1], -0.912420852819992, 2, 0.0], [[0, 0, 0, 0, 0, 0, 0, 1, 0, 1], -0.9113441603427025, 4, 0.0], [[0, 0, 0, 0, 1, 1, 0, 1, 0, 1], -0.9536027792006272, 2, 0.1], [[0, 0, 0, 0, 1, 1, 1, 1, 0, 1], -0.941096953714659, 2, 0.1], [[0, 0, 0, 1, 1, 1, 0, 1, 1, 1], -0.9110289329339527, 1, 0.0], [[0, 0, 1, 0, 1, 1, 0, 1, 1, 1], -0.9104753211772593, 5, 0.0], [[0, 0, 1, 0, 1, 0, 0, 1, 0, 1], -0.9380203623531247, 4, 0.1], [[0, 1, 0, 0, 1, 0, 0, 1, 0, 1], -0.9372746135614749, 6, 0.1], [[0, 0, 0, 1, 1, 0, 0, 1, 1, 1], -0.9096669025918263, 4, 0.0], [[0, 0, 0, 0, 1, 1, 0, 1, 1, 1], -0.9419777918404217, 2, 0.1], [[0, 0, 1, 0, 1, 0, 0, 1, 0, 1], -0.9380203623531247, 6, 0.1], [[0, 0, 1, 0, 1, 0, 0, 1, 1, 1], -0.9088044854578806, 3, 0.0], [[0, 0, 0, 0, 1, 1, 0, 1, 1, 1], -0.9419777918404217, 3, 0.1], [[0, 0, 1, 0, 0, 0, 0, 1, 0, 1], -0.9065994582244932, 2, 0.0], [[1, 0, 0, 0, 0, 0, 0, 1, 0, 1], -0.9065796026462271, 6, 0.0], [[0, 0, 0, 1, 0, 0, 0, 1, 0, 1], -0.906267137586308, 1, 0.0], [[0, 1, 0, 0, 0, 0, 0, 1, 0, 1], -0.9062363093551521, 2, 0.0], [[0, 0, 0, 0, 0, 0, 0, 1, 1, 1], -0.9060523684805657, 5, 0.0], [[0, 0, 0, 0, 0, 0, 1, 1, 0, 1], -0.9054106354794554, 1, 0.0], [[0, 0, 1, 1, 1, 0, 1, 1, 0, 1], -0.9048524111159197, 2, 0.0], [[1, 0, 1, 1, 1, 0, 0, 1, 0, 1], -0.9044760808104668, 1, 0.0], [[0, 0, 0, 0, 1, 0, 1, 1, 0, 1], -0.9364034642767336, 5, 0.1], [[0, 0, 0, 0, 1, 1, 1, 1, 0, 1], -0.941096953714659, 1, 0.1], [[0, 1, 1, 0, 1, 1, 0, 1, 0, 1], -0.902331018930381, 1, 0.1], [[0, 0, 0, 0, 1, 1, 0, 1, 0, 1], -0.9536027792006272, 3, 0.1], [[0, 0, 1, 1, 1, 1, 0, 1, 0, 1], -0.9274588569533724, 1, 0.1], [[0, 0, 0, 0, 1, 1, 1, 1, 1, 1], -0.902506793522527, 1, 0.0], [[0, 1, 1, 0, 1, 1, 0, 1, 0, 1], -0.902331018930381, 2, 0.0], [[0, 1, 1, 0, 1, 0, 0, 1, 0, 1], -0.9004931181352842, 4, 0.1], [[0, 0, 0, 0, 1, 0, 0, 1, 1, 1], -0.9373016642931511, 2, 0.1], [[0, 0, 0, 0, 1, 0, 0, 1, 1, 1], -0.9373016642931511, 3, 0.1], [[0, 1, 0, 0, 1, 1, 0, 1, 0, 1], -0.9421178061844637, 1, 0.1], [[0, 1, 0, 1, 1, 0, 0, 1, 0, 1], -0.9189520835421457, 3, 0.1], [[1, 0, 1, 0, 1, 0, 0, 1, 0, 1], -0.9271668055931115, 2, 0.1], [[0, 0, 1, 0, 1, 1, 1, 1, 0, 1], -0.9253173471188245, 2, 0.1], [[0, 0, 1, 0, 1, 1, 0, 1, 0, 1], -0.9428607433659484, 2, 0.1], [[0, 0, 0, 0, 1, 0, 1, 1, 1, 1], -0.9009828493780467, 2, 0.0], [[1, 1, 0, 0, 1, 1, 0, 1, 0, 1], -0.9007098187157648, 4, 0.0], [[0, 0, 1, 0, 1, 1, 0, 1, 0, 1], -0.9428607433659484, 3, 0.1], [[0, 1, 1, 0, 1, 0, 0, 1, 0, 1], -0.9004931181352842, 2, 0.0], [[0, 0, 0, 0, 1, 1, 0, 1, 1, 1], -0.9419777918404217, 2, 0.1], [[0, 1, 0, 0, 1, 1, 0, 1, 0, 1], -0.9421178061844637, 3, 0.1], [[0, 1, 0, 0, 1, 1, 0, 1, 0, 1], -0.9421178061844637, 1, 0.1], [[0, 0, 0, 0, 1, 1, 0, 1, 1, 1], -0.9419777918404217, 1, 0.1], [[0, 0, 1, 0, 1, 0, 1, 1, 0, 1], -0.9236291495087912, 2, 0.1], [[0, 0, 0, 1, 1, 1, 0, 1, 0, 1], -0.9417095732909215, 1, 0.1], [[0, 1, 0, 0, 0, 1, 0, 1, 0, 1], -0.9261837945880093, 1, 0.1], [[1, 1, 0, 0, 1, 0, 0, 1, 0, 1], -0.8988811120710921, 1, 0.0], [[0, 0, 1, 1, 1, 1, 0, 1, 0, 1], -0.9274588569533724, 1, 0.1], [[1, 0, 0, 0, 1, 1, 0, 1, 0, 1], -0.9429371961858459, 1, 0.1], [[0, 0, 1, 1, 0, 0, 0, 1, 0, 1], -0.8980137549652281, 1, 0.0], [[0, 0, 0, 0, 1, 1, 1, 1, 0, 1], -0.941096953714659, 2, 0.1], [[1, 0, 0, 0, 1, 0, 1, 1, 0, 1], -0.8628317519060719, 2, 0.1], [[0, 0, 1, 0, 0, 0, 1, 1, 0, 1], -0.8956283626000903, 1, 0.0], [[0, 0, 1, 0, 0, 1, 0, 1, 0, 1], -0.9265441318471852, 1, 0.1], [[0, 0, 1, 0, 1, 0, 0, 1, 1, 1], -0.9088044854578806, 1, 0.1], [[0, 1, 0, 0, 1, 0, 0, 1, 0, 1], -0.9372746135614749, 2, 0.1], [[0, 0, 0, 0, 1, 1, 1, 1, 1, 1], -0.902506793522527, 1, 0.1], [[0, 0, 0, 0, 0, 1, 1, 1, 0, 1], -0.9252084175272491, 1, 0.1], [[0, 0, 0, 0, 1, 1, 0, 1, 1, 1], -0.9419777918404217, 1, 0.1], [[1, 0, 0, 0, 1, 1, 0, 1, 0, 1], -0.9429371961858459, 2, 0.1], [[0, 0, 1, 0, 1, 0, 1, 1, 0, 1], -0.9236291495087912, 1, 0.1], [[0, 0, 0, 0, 1, 0, 1, 1, 1, 1], -0.9009828493780467, 3, 0.1], [[0, 0, 1, 1, 1, 1, 0, 1, 0, 1], -0.9274588569533724, 1, 0.1], [[1, 1, 0, 0, 0, 1, 0, 1, 0, 1], -0.8876623464593002, 1, 0.0], [[0, 1, 0, 0, 1, 0, 1, 1, 0, 1], -0.8872140099029618, 2, 0.0], [[0, 0, 0, 0, 1, 0, 0, 1, 1, 1], -0.9373016642931511, 1, 0.1], [[0, 0, 0, 0, 0, 1, 0, 1, 0, 1], -0.9342941257932865, 1, 0.1], [[0, 1, 0, 0, 1, 0, 0, 1, 0, 1], -0.9372746135614749, 2, 0.1], [[1, 0, 0, 0, 1, 0, 0, 1, 0, 1], -0.9381060093234463, 1, 0.1], [[1, 0, 1, 0, 0, 1, 0, 1, 0, 1], -0.9155626284488456, 1, 0.1], [[0, 0, 0, 0, 1, 0, 0, 1, 1, 1], -0.9373016642931511, 2, 0.1], [[0, 1, 0, 0, 1, 0, 0, 1, 0, 1], -0.9372746135614749, 1, 0.1], [[0, 0, 1, 0, 0, 1, 1, 1, 0, 1], -0.912420852819992, 1, 0.1], [[0, 0, 1, 1, 1, 1, 0, 1, 0, 1], -0.9274588569533724, 1, 0.1], [[0, 0, 1, 0, 0, 1, 0, 1, 0, 1], -0.9265441318471852, 1, 0.1], [[0, 1, 0, 0, 1, 1, 0, 1, 1, 1], -0.8846710154637532, 1, 0.0], [[0, 1, 0, 0, 0, 1, 0, 1, 0, 1], -0.9261837945880093, 1, 0.1], [[1, 0, 1, 0, 1, 0, 0, 1, 1, 1], -0.884364778814371, 2, 0.0], [[0, 0, 0, 0, 0, 1, 0, 1, 1, 1], -0.9258327886377047, 1, 0.1], [[1, 0, 1, 0, 1, 1, 0, 1, 1, 1], -0.8830211285554336, 2, 0.0], [[0, 1, 0, 0, 1, 0, 0, 1, 1, 1], -0.8829973681342094, 2, 0.0], [[0, 0, 0,