{"info": {"timing": {"qpu_sampling_time": 122900.48, "qpu_anneal_time_per_sample": 20.0, "qpu_readout_time_per_sample": 79.48, "qpu_access_time": 131347.88, "qpu_access_overhead_time": 18213.12, "qpu_programming_time": 8447.4, "qpu_delay_time_per_sample": 20.54, "post_processing_overhead_time": 974.0, "total_post_processing_time": 974.0}, "problem_id": "e3539c59-ee2b-47e8-808f-42553096acb9", "problem_label": "QFS experiment qubo_synth_10 #3", "dt": 0.07989621162414551}, "record": [[[0, 0, 0, 0, 1, 1, 0, 1, 0, 1], -0.9536027792006272, 150, 0.0], [[0, 0, 0, 0, 1, 0, 0, 1, 0, 1], -0.9457571063599115, 71, 0.0], [[1, 0, 0, 0, 1, 1, 0, 1, 0, 1], -0.9429371961858459, 50, 0.0], [[0, 0, 1, 0, 1, 1, 0, 1, 0, 1], -0.9428607433659484, 42, 0.0], [[0, 1, 0, 0, 1, 1, 0, 1, 0, 1], -0.9421178061844637, 66, 0.0], [[0, 0, 0, 0, 1, 1, 0, 1, 1, 1], -0.9419777918404217, 38, 0.0], [[0, 0, 0, 1, 1, 1, 0, 1, 0, 1], -0.9417095732909215, 30, 0.0], [[0, 0, 0, 0, 1, 1, 1, 1, 0, 1], -0.941096953714659, 23, 0.0], [[1, 0, 0, 0, 1, 0, 0, 1, 0, 1], -0.9381060093234463, 26, 0.0], [[0, 0, 1, 0, 1, 0, 0, 1, 0, 1], -0.9380203623531247, 35, 0.0], [[0, 0, 0, 0, 1, 0, 0, 1, 1, 1], -0.9373016642931511, 14, 0.0], [[0, 1, 0, 0, 1, 0, 0, 1, 0, 1], -0.9372746135614749, 36, 0.0], [[0, 0, 0, 1, 1, 0, 0, 1, 0, 1], -0.9371779976553503, 21, 0.0], [[0, 0, 0, 0, 1, 1, 1, 1, 0, 1], -0.941096953714659, 19, 0.1], [[0, 0, 0, 0, 1, 0, 1, 1, 0, 1], -0.9364034642767336, 24, 0.0], [[0, 0, 0, 0, 0, 1, 0, 1, 0, 1], -0.9342941257932865, 16, 0.0], [[0, 0, 0, 0, 1, 0, 1, 1, 0, 1], -0.9364034642767336, 11, 0.1], [[1, 0, 1, 0, 1, 1, 0, 1, 0, 1], -0.9289927006276191, 5, 0.0], [[0, 0, 0, 0, 1, 1, 0, 1, 1, 1], -0.9419777918404217, 15, 0.1], [[0, 0, 1, 1, 1, 1, 0, 1, 0, 1], -0.9274588569533724, 9, 0.0], [[1, 0, 1, 0, 1, 0, 0, 1, 0, 1], -0.9271668055931115, 11, 0.0], [[0, 0, 1, 0, 0, 1, 0, 1, 0, 1], -0.9265441318471852, 9, 0.0], [[1, 0, 0, 0, 0, 1, 0, 1, 0, 1], -0.926515082118495, 6, 0.0], [[0, 1, 0, 0, 0, 1, 0, 1, 0, 1], -0.9261837945880093, 10, 0.0], [[0, 0, 1, 1, 1, 0, 0, 1, 0, 1], -0.9259325731456929, 4, 0.0], [[0, 0, 0, 1, 0, 1, 0, 1, 0, 1], -0.9259030058317478, 11, 0.0], [[0, 0, 0, 0, 0, 1, 0, 1, 1, 1], -0.9258327886377047, 7, 0.0], [[0, 0, 1, 0, 1, 1, 1, 1, 0, 1], -0.9253173471188245, 11, 0.0], [[0, 0, 0, 0, 0, 1, 1, 1, 0, 1], -0.9252084175272491, 9, 0.0], [[0, 0, 0, 0, 1, 1, 0, 1, 0, 1], -0.9536027792006272, 6, 0.1], [[0, 0, 1, 0, 1, 0, 1, 1, 0, 1], -0.9236291495087912, 8, 0.0], [[0, 0, 1, 0, 1, 1, 1, 1, 0, 1], -0.9253173471188245, 7, 0.1], [[0, 0, 0, 1, 1, 1, 1, 1, 0, 1], -0.9225147986195141, 7, 0.0], [[0, 0, 0, 0, 1, 0, 0, 1, 1, 1], -0.9373016642931511, 6, 0.1], [[0, 0, 0, 1, 1, 0, 1, 1, 0, 1], -0.9211354063867329, 5, 0.0], [[0, 1, 0, 1, 1, 1, 0, 1, 0, 1], -0.9204811789599903, 5, 0.0], [[1, 0, 0, 1, 1, 1, 0, 1, 0, 1], -0.9204410547009274, 2, 0.0], [[0, 0, 1, 0, 1, 0, 1, 1, 0, 1], -0.9236291495087912, 5, 0.1], [[0, 1, 0, 1, 1, 0, 0, 1, 0, 1], -0.9189520835421457, 7, 0.0], [[1, 0, 0, 1, 1, 0, 0, 1, 0, 1], -0.9189239650436721, 1, 0.0], [[0, 0, 0, 1, 1, 1, 1, 1, 0, 1], -0.9225147986195141, 1, 0.1], [[0, 0, 0, 0, 1, 1, 0, 1, 0, 1], -0.9536027792006272, 6, 0.1], [[0, 0, 0, 0, 1, 0, 0, 1, 0, 1], -0.9457571063599115, 1, 0.1], [[1, 0, 0, 0, 1, 1, 0, 1, 1, 1], -0.9177260589421441, 6, 0.0], [[0, 0, 0, 0, 0, 1, 1, 1, 0, 1], -0.9252084175272491, 3, 0.1], [[1, 0, 0, 0, 1, 1, 0, 1, 0, 1], -0.9429371961858459, 2, 0.1], [[1, 0, 1, 0, 0, 1, 0, 1, 0, 1], -0.9155626284488456, 3, 0.0], [[0, 0, 1, 0, 1, 1, 0, 1, 0, 1], -0.9428607433659484, 2, 0.1], [[0, 0, 0, 1, 1, 0, 1, 1, 0, 1], -0.9211354063867329, 1, 0.1], [[0, 0, 0, 0, 1, 1, 0, 1, 1, 1], -0.9419777918404217, 2, 0.1], [[0, 0, 1, 1, 0, 1, 0, 1, 0, 1], -0.9146443313827759, 2, 0.0], [[1, 0, 0, 0, 1, 1, 0, 1, 0, 1], -0.9429371961858459, 4, 0.1], [[0, 1, 0, 0, 1, 1, 0, 1, 0, 1], -0.9421178061844637, 2, 0.1], [[0, 0, 0, 1, 1, 1, 0, 1, 0, 1], -0.9417095732909215, 1, 0.1], [[0, 0, 1, 0, 0, 1, 1, 1, 0, 1], -0.912420852819992, 2, 0.0], [[0, 0, 1, 0, 1, 1, 0, 1, 0, 1], -0.9428607433659484, 4, 0.1], [[1, 0, 0, 0, 1, 0, 0, 1, 0, 1], -0.9381060093234463, 1, 0.1], [[0, 0, 0, 0, 1, 1, 1, 1, 1, 1], -0.902506793522527, 2, 0.1], [[0, 0, 0, 0, 1, 0, 0, 1, 0, 1], -0.9457571063599115, 2, 0.1], [[0, 0, 1, 0, 1, 1, 0, 1, 1, 1], -0.9104753211772593, 3, 0.0], [[0, 0, 0, 1, 0, 1, 1, 1, 0, 1], -0.9101283483802708, 1, 0.0], [[0, 0, 0, 1, 1, 0, 0, 1, 1, 1], -0.9096669025918263, 3, 0.0], [[0, 0, 1, 0, 1, 0, 0, 1, 0, 1], -0.9380203623531247, 2, 0.1], [[0, 0, 0, 0, 1, 0, 0, 1, 1, 1], -0.9373016642931511, 6, 0.1], [[0, 0, 0, 0, 0, 1, 0, 1, 1, 1], -0.9258327886377047, 3, 0.1], [[0, 0, 1, 0, 1, 0, 0, 1, 1, 1], -0.9088044854578806, 1, 0.0], [[0, 0, 0, 0, 1, 0, 1, 1, 0, 1], -0.9364034642767336, 3, 0.1], [[0, 1, 0, 1, 0, 1, 0, 1, 0, 1], -0.9080492533117027, 1, 0.0], [[1, 0, 0, 1, 0, 1, 0, 1, 0, 1], -0.9075210265817434, 1, 0.0], [[1, 0, 0, 0, 1, 1, 0, 1, 0, 1], -0.9429371961858459, 2, 0.1], [[0, 0, 1, 0, 1, 1, 0, 1, 1, 1], -0.9104753211772593, 2, 0.1], [[0, 0, 1, 0, 0, 1, 1, 1, 0, 1], -0.912420852819992, 4, 0.1], [[0, 0, 1, 0, 0, 0, 0, 1, 0, 1], -0.9065994582244932, 2, 0.0], [[0, 0, 0, 0, 1, 1, 0, 1, 1, 1], -0.9419777918404217, 2, 0.1], [[0, 1, 0, 0, 1, 0, 0, 1, 0, 1], -0.9372746135614749, 1, 0.1], [[0, 1, 0, 0, 0, 0, 0, 1, 0, 1], -0.9062363093551521, 2, 0.0], [[0, 0, 0, 0, 0, 0, 0, 1, 1, 1], -0.9060523684805657, 1, 0.0], [[0, 0, 0, 0, 1, 1, 1, 1, 0, 1], -0.941096953714659, 2, 0.1], [[0, 0, 0, 0, 0, 0, 1, 1, 0, 1], -0.9054106354794554, 5, 0.0], [[0, 0, 0, 0, 1, 1, 1, 1, 1, 1], -0.902506793522527, 1, 0.2], [[0, 0, 1, 1, 1, 0, 1, 1, 0, 1], -0.9048524111159197, 1, 0.0], [[0, 0, 0, 0, 1, 1, 0, 1, 0, 1], -0.9536027792006272, 2, 0.1], [[1, 0, 0, 1, 1, 1, 0, 1, 0, 1], -0.9204410547009274, 1, 0.1], [[1, 0, 1, 1, 1, 0, 0, 1, 0, 1], -0.9044760808104668, 1, 0.0], [[1, 0, 0, 0, 0, 1, 0, 1, 1, 1], -0.9044675950794168, 2, 0.0], [[0, 0, 1, 0, 1, 0, 0, 1, 1, 1], -0.9088044854578806, 1, 0.1], [[1, 1, 0, 0, 1, 0, 0, 1, 0, 1], -0.8988811120710921, 3, 0.1], [[1, 0, 0, 0, 1, 0, 0, 1, 0, 1], -0.9381060093234463, 1, 0.1], [[0, 0, 0, 0, 1, 1, 1, 1, 1, 1], -0.902506793522527, 1, 0.1], [[0, 0, 0, 0, 1, 0, 0, 1, 1, 1], -0.9373016642931511, 1, 0.1], [[0, 1, 1, 0, 1, 1, 0, 1, 0, 1], -0.902331018930381, 1, 0.0], [[0, 0, 0, 0, 1, 1, 0, 1, 0, 1], -0.9536027792006272, 2, 0.1], [[1, 0, 1, 0, 1, 1, 0, 1, 0, 1], -0.9289927006276191, 1, 0.1], [[0, 0, 1, 1, 1, 1, 1, 1, 0, 1], -0.9032265115208089, 1, 0.1], [[0, 0, 0, 0, 1, 1, 1, 1, 0, 1], -0.941096953714659, 2, 0.2], [[1, 0, 0, 0, 1, 1, 0, 1, 0, 1], -0.9429371961858459, 1, 0.1], [[1, 0, 0, 0, 0, 1, 0, 1, 0, 1], -0.926515082118495, 1, 0.1], [[0, 0, 1, 1, 1, 1, 0, 1, 0, 1], -0.9274588569533724, 1, 0.1], [[0, 0, 1, 0, 1, 1, 1, 1, 0, 1], -0.9253173471188245, 1, 0.1], [[0, 0, 1, 0, 1, 1, 0, 1, 0, 1], -0.9428607433659484, 3, 0.1], [[0, 0, 0, 0, 0, 1, 0, 1, 0, 1], -0.9342941257932865, 1, 0.1], [[0, 0, 0, 1, 0, 1, 0, 1, 1, 1], -0.8983860156794023, 1, 0.0], [[0, 0, 0, 0, 1, 0, 0, 1, 0, 1], -0.9457571063599115, 1, 0.1], [[0, 0, 1, 1, 0, 0, 0, 1, 0, 1], -0.8980137549652281, 3, 0.0], [[0, 0, 1, 0, 1, 1, 1, 1, 0, 1], -0.9253173471188245, 2, 0.2], [[0, 0, 1, 1, 1, 1, 0, 1, 0, 1], -0.9274588569533724, 1, 0.1], [[0, 0, 0, 0, 1, 0, 0, 1, 0, 1], -0.9457571063599115, 1, 0.1], [[0, 0, 1, 0, 1, 0, 1, 1, 0, 1], -0.9236291495087912, 1, 0.1], [[0, 0, 1, 1, 0, 1, 1, 1, 0, 1], -0.893832103170143, 1, 0.0], [[0, 1, 0, 0, 1, 1, 0, 1, 0, 1], -0.9421178061844637, 1, 0.1], [[0, 0, 0, 0, 1, 1, 0, 1, 1, 1], -0.9419777918404217, 4, 0.2], [[1, 0, 1, 1, 0, 1, 0, 1, 0, 1], -0.8930598924092235, 1, 0.0], [[0, 0, 1, 0, 0, 1, 0, 1, 0, 1], -0.9265441318471852, 1, 0.1], [[0, 0, 0, 1, 1, 1, 0, 1, 0, 1], -0.9417095732909215, 1, 0.1], [[1, 0, 0, 0, 1, 0, 0, 1, 0, 1], -0.9381060093234463, 1, 0.1], [[1, 1, 0, 0, 0, 1, 0, 1, 0, 1], -0.8876623464593002, 1, 0.1], [[1, 0, 0, 1, 1, 1, 0, 1, 0, 1], -0.9204410547009274, 1, 0.1], [[1, 0, 0, 0, 1, 1, 0, 1, 0, 1], -0.9429371961858459, 1, 0.1], [[0, 0, 0, 1, 1, 1, 1, 1, 0, 1], -0.9225147986195141, 1, 0.2], [[0, 0,