{"info": {"timing": {"qpu_sampling_time": 134205.44, "qpu_anneal_time_per_sample": 20.0, "qpu_readout_time_per_sample": 90.52, "qpu_access_time": 142650.44, "qpu_access_overhead_time": 9761.56, "qpu_programming_time": 8445.0, "qpu_delay_time_per_sample": 20.54, "post_processing_overhead_time": 1314.0, "total_post_processing_time": 1314.0}, "problem_id": "62f9fee9-1175-43e7-9630-4d0090294b3d", "problem_label": "QFS experiment qubo_synth_10 #4", "dt": 0.08263182640075684}, "record": [[[0, 0, 0, 0, 1, 1, 0, 1, 0, 1], -0.9536027792006272, 110, 0.0], [[0, 0, 0, 0, 1, 0, 0, 1, 0, 1], -0.9457571063599115, 58, 0.0], [[1, 0, 0, 0, 1, 1, 0, 1, 0, 1], -0.9429371961858459, 33, 0.0], [[0, 0, 1, 0, 1, 1, 0, 1, 0, 1], -0.9428607433659484, 33, 0.0], [[0, 1, 0, 0, 1, 1, 0, 1, 0, 1], -0.9421178061844637, 23, 0.0], [[0, 0, 0, 0, 1, 1, 0, 1, 1, 1], -0.9419777918404217, 34, 0.0], [[0, 0, 0, 1, 1, 1, 0, 1, 0, 1], -0.9417095732909215, 40, 0.0], [[0, 0, 0, 0, 1, 1, 1, 1, 0, 1], -0.941096953714659, 46, 0.0], [[1, 0, 0, 0, 1, 0, 0, 1, 0, 1], -0.9381060093234463, 25, 0.0], [[0, 0, 1, 0, 1, 0, 0, 1, 0, 1], -0.9380203623531247, 19, 0.0], [[0, 0, 0, 0, 1, 0, 0, 1, 1, 1], -0.9373016642931511, 43, 0.0], [[0, 1, 0, 0, 1, 0, 0, 1, 0, 1], -0.9372746135614749, 17, 0.0], [[0, 0, 0, 1, 1, 0, 0, 1, 0, 1], -0.9371779976553503, 27, 0.0], [[0, 0, 0, 0, 1, 0, 1, 1, 0, 1], -0.9364034642767336, 34, 0.0], [[0, 0, 0, 0, 0, 1, 0, 1, 0, 1], -0.9342941257932865, 22, 0.0], [[0, 0, 0, 0, 1, 1, 1, 1, 0, 1], -0.941096953714659, 8, 0.1], [[1, 0, 1, 0, 1, 1, 0, 1, 0, 1], -0.9289927006276191, 9, 0.0], [[0, 0, 1, 1, 1, 1, 0, 1, 0, 1], -0.9274588569533724, 13, 0.0], [[1, 0, 1, 0, 1, 0, 0, 1, 0, 1], -0.9271668055931115, 9, 0.0], [[0, 0, 1, 0, 0, 1, 0, 1, 0, 1], -0.9265441318471852, 11, 0.0], [[1, 0, 0, 0, 0, 1, 0, 1, 0, 1], -0.926515082118495, 6, 0.0], [[0, 1, 0, 0, 0, 1, 0, 1, 0, 1], -0.9261837945880093, 6, 0.0], [[0, 0, 1, 1, 1, 0, 0, 1, 0, 1], -0.9259325731456929, 11, 0.0], [[0, 0, 0, 1, 0, 1, 0, 1, 0, 1], -0.9259030058317478, 11, 0.0], [[0, 0, 0, 0, 0, 1, 0, 1, 1, 1], -0.9258327886377047, 15, 0.0], [[0, 0, 1, 0, 1, 1, 1, 1, 0, 1], -0.9253173471188245, 11, 0.0], [[0, 0, 0, 0, 0, 1, 1, 1, 0, 1], -0.9252084175272491, 17, 0.0], [[0, 0, 1, 0, 1, 0, 1, 1, 0, 1], -0.9236291495087912, 18, 0.0], [[0, 0, 0, 1, 1, 1, 1, 1, 0, 1], -0.9225147986195141, 14, 0.0], [[0, 0, 0, 0, 1, 0, 1, 1, 0, 1], -0.9364034642767336, 9, 0.1], [[0, 0, 0, 1, 1, 0, 1, 1, 0, 1], -0.9211354063867329, 7, 0.0], [[0, 1, 0, 1, 1, 1, 0, 1, 0, 1], -0.9204811789599903, 3, 0.0], [[1, 0, 0, 1, 1, 1, 0, 1, 0, 1], -0.9204410547009274, 3, 0.0], [[0, 0, 1, 0, 1, 1, 0, 1, 0, 1], -0.9428607433659484, 8, 0.1], [[0, 1, 0, 1, 1, 0, 0, 1, 0, 1], -0.9189520835421457, 2, 0.0], [[0, 0, 1, 0, 1, 1, 1, 1, 0, 1], -0.9253173471188245, 5, 0.1], [[1, 0, 0, 1, 1, 0, 0, 1, 0, 1], -0.9189239650436721, 8, 0.0], [[0, 0, 0, 0, 1, 1, 1, 1, 1, 1], -0.902506793522527, 3, 0.1], [[1, 0, 0, 0, 1, 1, 0, 1, 1, 1], -0.9177260589421441, 6, 0.0], [[1, 0, 0, 0, 1, 0, 0, 1, 1, 1], -0.9160644173731896, 5, 0.0], [[1, 0, 1, 0, 0, 1, 0, 1, 0, 1], -0.9155626284488456, 4, 0.0], [[0, 0, 1, 1, 0, 1, 0, 1, 0, 1], -0.9146443313827759, 4, 0.0], [[0, 0, 0, 1, 1, 1, 1, 1, 0, 1], -0.9225147986195141, 2, 0.1], [[0, 0, 1, 0, 1, 0, 1, 1, 0, 1], -0.9236291495087912, 4, 0.1], [[0, 0, 0, 0, 1, 0, 1, 1, 1, 1], -0.9009828493780467, 4, 0.1], [[0, 0, 1, 0, 1, 0, 0, 1, 0, 1], -0.9380203623531247, 2, 0.1], [[0, 0, 0, 0, 1, 1, 0, 1, 0, 1], -0.9536027792006272, 5, 0.1], [[0, 0, 1, 0, 0, 1, 1, 1, 0, 1], -0.912420852819992, 2, 0.0], [[0, 0, 0, 0, 0, 0, 0, 1, 0, 1], -0.9113441603427025, 5, 0.0], [[0, 0, 0, 1, 1, 1, 0, 1, 1, 1], -0.9110289329339527, 2, 0.0], [[0, 0, 0, 1, 1, 1, 0, 1, 0, 1], -0.9417095732909215, 4, 0.1], [[0, 0, 1, 0, 1, 1, 0, 1, 1, 1], -0.9104753211772593, 3, 0.0], [[0, 0, 0, 0, 0, 1, 1, 1, 0, 1], -0.9252084175272491, 4, 0.1], [[0, 0, 0, 1, 0, 1, 1, 1, 0, 1], -0.9101283483802708, 3, 0.0], [[0, 0, 0, 0, 1, 1, 0, 1, 0, 1], -0.9536027792006272, 3, 0.1], [[0, 0, 0, 1, 1, 0, 1, 1, 0, 1], -0.9211354063867329, 3, 0.1], [[0, 0, 0, 1, 1, 0, 0, 1, 1, 1], -0.9096669025918263, 3, 0.0], [[0, 0, 1, 0, 1, 0, 0, 1, 1, 1], -0.9088044854578806, 4, 0.0], [[0, 0, 0, 0, 1, 1, 0, 1, 1, 1], -0.9419777918404217, 2, 0.1], [[0, 1, 0, 1, 0, 1, 0, 1, 0, 1], -0.9080492533117027, 2, 0.0], [[0, 0, 0, 0, 1, 1, 0, 1, 1, 1], -0.9419777918404217, 3, 0.1], [[1, 0, 0, 1, 0, 1, 0, 1, 0, 1], -0.9075210265817434, 2, 0.0], [[0, 0, 0, 0, 1, 1, 0, 1, 0, 1], -0.9536027792006272, 1, 0.1], [[0, 0, 1, 0, 0, 0, 0, 1, 0, 1], -0.9065994582244932, 4, 0.0], [[1, 0, 0, 0, 0, 0, 0, 1, 0, 1], -0.9065796026462271, 5, 0.0], [[0, 1, 0, 0, 0, 0, 0, 1, 0, 1], -0.9062363093551521, 4, 0.0], [[0, 0, 0, 0, 0, 0, 0, 1, 1, 1], -0.9060523684805657, 2, 0.0], [[0, 0, 0, 0, 0, 0, 1, 1, 0, 1], -0.9054106354794554, 4, 0.0], [[0, 0, 0, 1, 1, 1, 0, 1, 0, 1], -0.9417095732909215, 2, 0.1], [[0, 0, 1, 1, 1, 0, 0, 1, 0, 1], -0.9259325731456929, 2, 0.1], [[1, 0, 1, 1, 1, 0, 0, 1, 0, 1], -0.9044760808104668, 1, 0.0], [[1, 0, 0, 0, 0, 1, 0, 1, 1, 1], -0.9044675950794168, 1, 0.0], [[0, 0, 0, 0, 1, 1, 0, 1, 1, 1], -0.9419777918404217, 1, 0.1], [[0, 1, 0, 0, 1, 1, 0, 1, 0, 1], -0.9421178061844637, 1, 0.1], [[0, 0, 1, 0, 1, 0, 1, 1, 0, 1], -0.9236291495087912, 1, 0.1], [[0, 0, 1, 0, 1, 1, 0, 1, 0, 1], -0.9428607433659484, 2, 0.1], [[0, 0, 0, 0, 1, 0, 0, 1, 1, 1], -0.9373016642931511, 2, 0.1], [[0, 0, 0, 1, 1, 0, 0, 1, 0, 1], -0.9371779976553503, 3, 0.1], [[0, 0, 0, 0, 1, 1, 1, 1, 1, 1], -0.902506793522527, 4, 0.0], [[0, 1, 1, 0, 1, 1, 0, 1, 0, 1], -0.902331018930381, 2, 0.0], [[0, 0, 1, 0, 1, 1, 0, 1, 0, 1], -0.9428607433659484, 2, 0.1], [[1, 0, 0, 0, 1, 1, 0, 1, 0, 1], -0.9429371961858459, 1, 0.1], [[0, 1, 0, 0, 1, 1, 0, 1, 0, 1], -0.9421178061844637, 1, 0.1], [[0, 0, 0, 0, 0, 1, 1, 1, 1, 1], -0.8897819075397406, 1, 0.1], [[0, 0, 0, 0, 1, 1, 0, 1, 1, 1], -0.9419777918404217, 1, 0.1], [[0, 0, 0, 1, 1, 0, 0, 1, 0, 1], -0.9371779976553503, 1, 0.1], [[1, 1, 0, 0, 1, 1, 0, 1, 0, 1], -0.9007098187157648, 1, 0.0], [[0, 0, 0, 1, 1, 1, 0, 1, 0, 1], -0.9417095732909215, 3, 0.1], [[0, 1, 1, 0, 1, 0, 0, 1, 0, 1], -0.9004931181352842, 1, 0.0], [[0, 0, 1, 0, 0, 1, 0, 1, 0, 1], -0.9265441318471852, 3, 0.1], [[0, 0, 1, 1, 1, 1, 1, 1, 0, 1], -0.9032265115208089, 1, 0.1], [[0, 0, 0, 0, 1, 1, 1, 1, 0, 1], -0.941096953714659, 1, 0.1], [[0, 0, 1, 1, 1, 1, 0, 1, 0, 1], -0.9274588569533724, 3, 0.1], [[0, 0, 0, 1, 1, 1, 0, 1, 1, 1], -0.9110289329339527, 2, 0.1], [[0, 0, 1, 1, 1, 0, 1, 1, 0, 1], -0.9048524111159197, 1, 0.1], [[1, 0, 1, 0, 0, 0, 0, 1, 0, 1], -0.8986324408044697, 1, 0.0], [[0, 0, 0, 1, 0, 1, 1, 1, 0, 1], -0.9101283483802708, 2, 0.1], [[0, 0, 0, 0, 1, 1, 0, 1, 0, 1], -0.9536027792006272, 3, 0.1], [[0, 0, 0, 1, 0, 1, 0, 1, 1, 1], -0.8983860156794023, 1, 0.0], [[0, 0, 1, 0, 1, 1, 0, 1, 0, 1], -0.9428607433659484, 1, 0.1], [[0, 0, 1, 1, 0, 0, 0, 1, 0, 1], -0.8980137549652281, 3, 0.0], [[0, 0, 1, 0, 1, 1, 0, 1, 1, 1], -0.9104753211772593, 1, 0.1], [[0, 0, 1, 0, 1, 1, 0, 1, 0, 1], -0.9428607433659484, 1, 0.1], [[0, 0, 0, 0, 1, 1, 1, 1, 1, 1], -0.902506793522527, 2, 0.1], [[0, 1, 0, 0, 1, 1, 0, 1, 0, 1], -0.9421178061844637, 1, 0.1], [[0, 0, 1, 0, 1, 1, 1, 1, 0, 1], -0.9253173471188245, 1, 0.2], [[0, 0, 1, 0, 0, 0, 1, 1, 0, 1], -0.8956283626000903, 1, 0.0], [[1, 0, 0, 0, 1, 0, 0, 1, 1, 1], -0.9160644173731896, 2, 0.1], [[0, 0, 0, 1, 1, 1, 1, 1, 0, 1], -0.9225147986195141, 1, 0.1], [[1, 0, 0, 1, 1, 1, 0, 1, 0, 1], -0.9204410547009274, 1, 0.1], [[0, 1, 0, 0, 1, 0, 0, 1, 1, 1], -0.8829973681342094, 1, 0.1], [[0, 0, 0, 1, 1, 0, 0, 1, 1, 1], -0.9096669025918263, 4, 0.1], [[0, 0, 0, 0, 0, 1, 0, 1, 0, 1], -0.9342941257932865, 1, 0.1], [[0, 0, 1, 0, 1, 0, 0, 1, 1, 1], -0.9088044854578806, 1, 0.1], [[0, 0, 0, 1, 1, 0, 0, 1, 1, 1], -0.9096669025918263, 1, 0.1], [[0, 0, 0, 0, 1, 0, 1, 1, 1, 1], -0.9009828493780467, 1, 0.1], [[0, 0, 1, 0, 1, 0, 0, 1, 0, 1], -0.9380203623531247, 1, 0.1], [[0, 0, 1, 1, 1, 1, 0, 1, 0, 1], -0.9274588569533724, 1, 0.1], [[0, 0, 0, 0, 1, 1, 1, 1, 0, 1], -0.941096953714659, 1, 0.1], 