{"info": {"timing": {"qpu_sampling_time": 134942.72, "qpu_anneal_time_per_sample": 20.0, "qpu_readout_time_per_sample": 91.24, "qpu_access_time": 143388.12, "qpu_access_overhead_time": 18133.88, "qpu_programming_time": 8445.4, "qpu_delay_time_per_sample": 20.54, "post_processing_overhead_time": 2086.0, "total_post_processing_time": 2086.0}, "problem_id": "fb1511cb-a06f-47c4-a1c5-7fdfea772911", "problem_label": "QFS experiment qubo_synth_10 #10", "dt": 0.0800013542175293}, "record": [[[0, 0, 0, 0, 1, 1, 0, 1, 0, 1], -0.9536027792006272, 91, 0.0], [[0, 0, 0, 0, 1, 0, 0, 1, 0, 1], -0.9457571063599115, 35, 0.0], [[1, 0, 0, 0, 1, 1, 0, 1, 0, 1], -0.9429371961858459, 49, 0.0], [[0, 0, 1, 0, 1, 1, 0, 1, 0, 1], -0.9428607433659484, 38, 0.0], [[0, 1, 0, 0, 1, 1, 0, 1, 0, 1], -0.9421178061844637, 51, 0.0], [[0, 0, 0, 0, 1, 1, 0, 1, 1, 1], -0.9419777918404217, 41, 0.0], [[0, 0, 0, 1, 1, 1, 0, 1, 0, 1], -0.9417095732909215, 68, 0.0], [[0, 0, 0, 0, 1, 1, 1, 1, 0, 1], -0.941096953714659, 32, 0.0], [[0, 0, 0, 0, 1, 1, 1, 1, 0, 1], -0.941096953714659, 15, 0.1], [[1, 0, 0, 0, 1, 0, 0, 1, 0, 1], -0.9381060093234463, 19, 0.0], [[0, 0, 1, 0, 1, 0, 0, 1, 0, 1], -0.9380203623531247, 16, 0.0], [[0, 0, 0, 0, 1, 0, 0, 1, 1, 1], -0.9373016642931511, 19, 0.0], [[0, 1, 0, 0, 1, 0, 0, 1, 0, 1], -0.9372746135614749, 14, 0.0], [[0, 0, 0, 1, 1, 0, 0, 1, 0, 1], -0.9371779976553503, 20, 0.0], [[0, 0, 0, 0, 1, 0, 1, 1, 0, 1], -0.9364034642767336, 12, 0.0], [[0, 0, 0, 0, 0, 1, 0, 1, 0, 1], -0.9342941257932865, 23, 0.0], [[0, 0, 0, 0, 1, 0, 1, 1, 0, 1], -0.9364034642767336, 11, 0.1], [[0, 0, 1, 0, 1, 1, 1, 1, 0, 1], -0.9253173471188245, 6, 0.1], [[1, 0, 1, 0, 1, 1, 0, 1, 0, 1], -0.9289927006276191, 15, 0.0], [[0, 0, 1, 1, 1, 1, 0, 1, 0, 1], -0.9274588569533724, 12, 0.0], [[1, 0, 1, 0, 1, 0, 0, 1, 0, 1], -0.9271668055931115, 6, 0.0], [[0, 0, 1, 0, 0, 1, 0, 1, 0, 1], -0.9265441318471852, 14, 0.0], [[1, 0, 0, 0, 0, 1, 0, 1, 0, 1], -0.926515082118495, 16, 0.0], [[0, 1, 0, 0, 0, 1, 0, 1, 0, 1], -0.9261837945880093, 14, 0.0], [[0, 0, 1, 1, 1, 0, 0, 1, 0, 1], -0.9259325731456929, 9, 0.0], [[0, 0, 0, 1, 0, 1, 0, 1, 0, 1], -0.9259030058317478, 22, 0.0], [[0, 0, 0, 0, 0, 1, 0, 1, 1, 1], -0.9258327886377047, 13, 0.0], [[0, 0, 1, 0, 1, 1, 1, 1, 0, 1], -0.9253173471188245, 4, 0.0], [[0, 0, 0, 0, 0, 1, 1, 1, 0, 1], -0.9252084175272491, 9, 0.0], [[0, 0, 1, 0, 1, 0, 1, 1, 0, 1], -0.9236291495087912, 3, 0.1], [[0, 0, 0, 0, 0, 1, 1, 1, 0, 1], -0.9252084175272491, 5, 0.1], [[0, 0, 1, 0, 1, 0, 1, 1, 0, 1], -0.9236291495087912, 2, 0.0], [[0, 0, 0, 0, 1, 1, 0, 1, 1, 1], -0.9419777918404217, 5, 0.1], [[0, 0, 0, 1, 1, 1, 1, 1, 0, 1], -0.9225147986195141, 11, 0.0], [[0, 0, 0, 1, 1, 1, 1, 1, 0, 1], -0.9225147986195141, 9, 0.1], [[0, 0, 0, 1, 1, 0, 1, 1, 0, 1], -0.9211354063867329, 4, 0.0], [[0, 1, 0, 1, 1, 1, 0, 1, 0, 1], -0.9204811789599903, 16, 0.0], [[1, 0, 0, 1, 1, 1, 0, 1, 0, 1], -0.9204410547009274, 16, 0.0], [[1, 0, 0, 0, 1, 1, 0, 1, 0, 1], -0.9429371961858459, 7, 0.1], [[0, 1, 0, 1, 1, 0, 0, 1, 0, 1], -0.9189520835421457, 11, 0.0], [[1, 0, 0, 1, 1, 0, 0, 1, 0, 1], -0.9189239650436721, 9, 0.0], [[0, 0, 0, 0, 1, 0, 0, 1, 1, 1], -0.9373016642931511, 3, 0.1], [[1, 0, 0, 0, 1, 1, 0, 1, 1, 1], -0.9177260589421441, 9, 0.0], [[0, 0, 0, 1, 1, 0, 1, 1, 0, 1], -0.9211354063867329, 4, 0.1], [[0, 0, 1, 0, 0, 1, 1, 1, 0, 1], -0.912420852819992, 2, 0.1], [[1, 0, 0, 0, 1, 0, 0, 1, 1, 1], -0.9160644173731896, 3, 0.0], [[1, 0, 1, 0, 0, 1, 0, 1, 0, 1], -0.9155626284488456, 4, 0.0], [[0, 0, 1, 1, 0, 1, 0, 1, 0, 1], -0.9146443313827759, 4, 0.0], [[1, 0, 0, 0, 1, 0, 0, 1, 0, 1], -0.9381060093234463, 3, 0.1], [[0, 0, 0, 1, 1, 1, 0, 1, 0, 1], -0.9417095732909215, 3, 0.1], [[0, 0, 1, 0, 0, 1, 1, 1, 0, 1], -0.912420852819992, 1, 0.0], [[0, 0, 0, 0, 0, 0, 0, 1, 0, 1], -0.9113441603427025, 1, 0.0], [[0, 1, 0, 0, 1, 1, 0, 1, 0, 1], -0.9421178061844637, 3, 0.1], [[0, 0, 0, 1, 1, 1, 0, 1, 1, 1], -0.9110289329339527, 2, 0.0], [[0, 0, 0, 0, 1, 1, 0, 1, 0, 1], -0.9536027792006272, 2, 0.1], [[0, 0, 0, 0, 1, 1, 1, 1, 1, 1], -0.902506793522527, 4, 0.1], [[0, 0, 1, 0, 1, 1, 0, 1, 1, 1], -0.9104753211772593, 3, 0.0], [[0, 0, 0, 1, 0, 1, 1, 1, 0, 1], -0.9101283483802708, 4, 0.0], [[0, 0, 0, 0, 1, 1, 1, 1, 1, 1], -0.902506793522527, 2, 0.2], [[0, 0, 0, 1, 1, 0, 0, 1, 1, 1], -0.9096669025918263, 2, 0.0], [[0, 0, 0, 1, 0, 1, 1, 1, 0, 1], -0.9101283483802708, 3, 0.1], [[0, 0, 0, 1, 1, 0, 0, 1, 0, 1], -0.9371779976553503, 2, 0.1], [[0, 0, 0, 0, 1, 0, 1, 1, 1, 1], -0.9009828493780467, 1, 0.1], [[0, 0, 1, 0, 1, 0, 0, 1, 1, 1], -0.9088044854578806, 2, 0.0], [[0, 1, 0, 1, 0, 1, 0, 1, 0, 1], -0.9080492533117027, 3, 0.0], [[1, 0, 0, 0, 1, 1, 0, 1, 1, 1], -0.9177260589421441, 5, 0.1], [[1, 0, 0, 1, 0, 1, 0, 1, 0, 1], -0.9075210265817434, 7, 0.0], [[0, 0, 1, 1, 1, 1, 1, 1, 0, 1], -0.9032265115208089, 2, 0.1], [[1, 0, 0, 1, 1, 1, 0, 1, 0, 1], -0.9204410547009274, 9, 0.1], [[0, 0, 1, 0, 0, 0, 0, 1, 0, 1], -0.9065994582244932, 1, 0.0], [[1, 0, 0, 0, 0, 0, 0, 1, 0, 1], -0.9065796026462271, 2, 0.0], [[0, 1, 0, 0, 1, 0, 0, 1, 0, 1], -0.9372746135614749, 1, 0.1], [[0, 0, 0, 1, 0, 0, 0, 1, 0, 1], -0.906267137586308, 2, 0.0], [[0, 1, 0, 0, 0, 0, 0, 1, 0, 1], -0.9062363093551521, 4, 0.0], [[0, 0, 0, 0, 0, 0, 0, 1, 1, 1], -0.9060523684805657, 1, 0.0], [[1, 0, 0, 0, 1, 0, 0, 1, 1, 1], -0.9160644173731896, 1, 0.1], [[0, 0, 1, 1, 1, 0, 1, 1, 0, 1], -0.9048524111159197, 3, 0.1], [[1, 0, 0, 1, 1, 0, 0, 1, 0, 1], -0.9189239650436721, 2, 0.1], [[0, 0, 0, 0, 0, 0, 1, 1, 0, 1], -0.9054106354794554, 2, 0.0], [[1, 0, 1, 0, 1, 1, 0, 1, 0, 1], -0.9289927006276191, 1, 0.1], [[0, 1, 0, 0, 1, 1, 0, 1, 0, 1], -0.9421178061844637, 2, 0.1], [[0, 0, 1, 1, 1, 0, 1, 1, 0, 1], -0.9048524111159197, 2, 0.0], [[1, 0, 1, 1, 1, 0, 0, 1, 0, 1], -0.9044760808104668, 3, 0.0], [[1, 0, 0, 0, 0, 1, 0, 1, 1, 1], -0.9044675950794168, 2, 0.0], [[0, 0, 0, 0, 0, 1, 0, 1, 1, 1], -0.9258327886377047, 1, 0.1], [[1, 0, 1, 0, 1, 0, 0, 1, 0, 1], -0.9271668055931115, 1, 0.1], [[0, 0, 1, 1, 1, 1, 1, 1, 0, 1], -0.9032265115208089, 1, 0.0], [[1, 0, 1, 1, 1, 1, 0, 1, 0, 1], -0.9029878786398302, 3, 0.0], [[0, 0, 1, 0, 1, 1, 0, 1, 0, 1], -0.9428607433659484, 2, 0.1], [[1, 0, 0, 0, 0, 1, 0, 1, 0, 1], -0.926515082118495, 2, 0.1], [[0, 0, 0, 0, 1, 1, 1, 1, 1, 1], -0.902506793522527, 1, 0.0], [[0, 0, 0, 1, 1, 1, 0, 1, 0, 1], -0.9417095732909215, 1, 0.1], [[0, 0, 0, 1, 1, 1, 0, 1, 1, 1], -0.9110289329339527, 1, 0.1], [[0, 0, 0, 0, 0, 0, 1, 1, 0, 1], -0.9054106354794554, 1, 0.1], [[0, 0, 0, 1, 1, 1, 1, 1, 0, 1], -0.9225147986195141, 1, 0.1], [[1, 1, 0, 0, 1, 1, 0, 1, 0, 1], -0.9007098187157648, 3, 0.0], [[0, 0, 0, 1, 1, 1, 1, 1, 0, 1], -0.9225147986195141, 1, 0.2], [[1, 0, 0, 0, 1, 1, 0, 1, 0, 1], -0.9429371961858459, 1, 0.1], [[0, 1, 0, 0, 1, 1, 0, 1, 1, 1], -0.8846710154637532, 3, 0.1], [[0, 1, 0, 1, 1, 1, 0, 1, 0, 1], -0.9204811789599903, 2, 0.1], [[0, 0, 0, 0, 1, 1, 0, 1, 1, 1], -0.9419777918404217, 1, 0.1], [[1, 1, 0, 0, 1, 0, 0, 1, 0, 1], -0.8988811120710921, 3, 0.0], [[0, 0, 0, 1, 1, 1, 0, 1, 0, 1], -0.9417095732909215, 4, 0.1], [[0, 0, 0, 1, 0, 1, 0, 1, 1, 1], -0.8983860156794023, 3, 0.0], [[1, 0, 0, 0, 1, 1, 0, 1, 0, 1], -0.9429371961858459, 1, 0.1], [[0, 1, 0, 0, 1, 0, 0, 1, 1, 1], -0.8829973681342094, 2, 0.1], [[0, 1, 0, 1, 1, 0, 0, 1, 0, 1], -0.9189520835421457, 1, 0.1], [[0, 0, 1, 0, 0, 0, 1, 1, 0, 1], -0.8956283626000903, 1, 0.0], [[0, 1, 0, 0, 0, 1, 0, 1, 0, 1], -0.9261837945880093, 2, 0.1], [[0, 0, 0, 0, 0, 1, 1, 1, 1, 1], -0.8897819075397406, 1, 0.1], [[1, 0, 0, 1, 0, 1, 0, 1, 0, 1], -0.9075210265817434, 1, 0.1], [[1, 0, 0, 0, 0, 1, 0, 1, 1, 1], -0.9044675950794168, 2, 0.1], [[0, 0, 0, 0, 0, 1, 1, 1, 1, 1], -0.8897819075397406, 1, 0.2], [[0, 0, 0, 1, 1, 1, 0, 1, 1, 1], -0.9110289329339527, 2, 0.1], [[0, 1, 0, 1, 0, 0, 0, 1, 0, 1], -0.8914158652839898, 1, 0.0], [[0, 0, 0, 1, 1, 0, 0, 1, 1, 1], -0.9096669025918263, 2, 0.1], [[0, 1, 0, 1, 1, 0, 0, 1, 0, 1], -0.9189520835421457, 1, 0.1], [[0, 0, 0, 0, 1, 0, 0, 1, 0, 1], -0.9457571063599115, 1, 0.1], [[1, 0, 1, 1, 1, 1, 0, 1, 0, 1], -0.9029878786398302, 1, 