{"info": {"timing": {"qpu_sampling_time": 136171.52, "qpu_anneal_time_per_sample": 20.0, "qpu_readout_time_per_sample": 92.44, "qpu_access_time": 144618.12, "qpu_access_overhead_time": 11850.88, "qpu_programming_time": 8446.6, "qpu_delay_time_per_sample": 20.54, "post_processing_overhead_time": 995.0, "total_post_processing_time": 995.0}, "problem_id": "a23e96cb-2f3a-48ba-90de-3831f005d407", "problem_label": "QFS experiment qubo_synth_10 #11", "dt": 0.07850933074951172}, "record": [[[0, 0, 0, 0, 1, 1, 0, 1, 0, 1], -0.9536027792006272, 128, 0.0], [[0, 0, 0, 0, 1, 0, 0, 1, 0, 1], -0.9457571063599115, 40, 0.0], [[1, 0, 0, 0, 1, 1, 0, 1, 0, 1], -0.9429371961858459, 43, 0.0], [[0, 0, 1, 0, 1, 1, 0, 1, 0, 1], -0.9428607433659484, 39, 0.0], [[0, 1, 0, 0, 1, 1, 0, 1, 0, 1], -0.9421178061844637, 49, 0.0], [[0, 0, 0, 0, 1, 1, 0, 1, 1, 1], -0.9419777918404217, 40, 0.0], [[0, 0, 0, 1, 1, 1, 0, 1, 0, 1], -0.9417095732909215, 60, 0.0], [[0, 0, 0, 0, 1, 1, 1, 1, 0, 1], -0.941096953714659, 26, 0.0], [[0, 1, 0, 0, 1, 1, 0, 1, 0, 1], -0.9421178061844637, 39, 0.1], [[1, 0, 0, 0, 1, 0, 0, 1, 0, 1], -0.9381060093234463, 13, 0.0], [[0, 0, 1, 0, 1, 0, 0, 1, 0, 1], -0.9380203623531247, 13, 0.0], [[0, 0, 0, 0, 1, 0, 0, 1, 1, 1], -0.9373016642931511, 18, 0.0], [[0, 1, 0, 0, 1, 0, 0, 1, 0, 1], -0.9372746135614749, 21, 0.0], [[0, 0, 0, 1, 1, 0, 0, 1, 0, 1], -0.9371779976553503, 27, 0.0], [[0, 0, 0, 0, 1, 0, 1, 1, 0, 1], -0.9364034642767336, 8, 0.0], [[0, 1, 0, 0, 1, 0, 0, 1, 0, 1], -0.9372746135614749, 29, 0.1], [[0, 0, 0, 0, 0, 1, 0, 1, 0, 1], -0.9342941257932865, 23, 0.0], [[1, 0, 1, 0, 1, 1, 0, 1, 0, 1], -0.9289927006276191, 7, 0.0], [[0, 0, 1, 1, 1, 1, 0, 1, 0, 1], -0.9274588569533724, 9, 0.0], [[1, 0, 1, 0, 1, 0, 0, 1, 0, 1], -0.9271668055931115, 11, 0.0], [[0, 0, 1, 0, 0, 1, 0, 1, 0, 1], -0.9265441318471852, 16, 0.0], [[1, 0, 0, 0, 0, 1, 0, 1, 0, 1], -0.926515082118495, 17, 0.0], [[0, 1, 0, 0, 0, 1, 0, 1, 0, 1], -0.9261837945880093, 13, 0.0], [[0, 0, 1, 1, 1, 0, 0, 1, 0, 1], -0.9259325731456929, 7, 0.0], [[0, 0, 0, 1, 0, 1, 0, 1, 0, 1], -0.9259030058317478, 20, 0.0], [[0, 0, 0, 0, 0, 1, 0, 1, 1, 1], -0.9258327886377047, 10, 0.0], [[0, 0, 1, 0, 1, 1, 1, 1, 0, 1], -0.9253173471188245, 5, 0.0], [[0, 0, 0, 0, 0, 1, 1, 1, 0, 1], -0.9252084175272491, 9, 0.0], [[0, 1, 0, 0, 0, 1, 0, 1, 0, 1], -0.9261837945880093, 9, 0.1], [[0, 0, 1, 0, 1, 0, 1, 1, 0, 1], -0.9236291495087912, 2, 0.0], [[0, 0, 0, 1, 1, 1, 1, 1, 0, 1], -0.9225147986195141, 10, 0.0], [[0, 0, 0, 1, 1, 0, 1, 1, 0, 1], -0.9211354063867329, 4, 0.0], [[0, 1, 0, 1, 1, 1, 0, 1, 0, 1], -0.9204811789599903, 14, 0.0], [[1, 0, 0, 1, 1, 1, 0, 1, 0, 1], -0.9204410547009274, 9, 0.0], [[0, 1, 0, 1, 1, 0, 0, 1, 0, 1], -0.9189520835421457, 2, 0.0], [[1, 0, 0, 1, 1, 0, 0, 1, 0, 1], -0.9189239650436721, 2, 0.0], [[0, 1, 0, 1, 1, 1, 0, 1, 0, 1], -0.9204811789599903, 12, 0.1], [[1, 0, 0, 0, 1, 1, 0, 1, 1, 1], -0.9177260589421441, 4, 0.0], [[0, 1, 0, 1, 1, 0, 0, 1, 0, 1], -0.9189520835421457, 10, 0.1], [[0, 0, 1, 0, 1, 1, 0, 1, 0, 1], -0.9428607433659484, 6, 0.1], [[1, 0, 0, 0, 1, 0, 0, 1, 1, 1], -0.9160644173731896, 4, 0.0], [[1, 0, 1, 0, 0, 1, 0, 1, 0, 1], -0.9155626284488456, 4, 0.0], [[0, 0, 1, 1, 0, 1, 0, 1, 0, 1], -0.9146443313827759, 4, 0.0], [[0, 1, 1, 0, 1, 1, 0, 1, 0, 1], -0.902331018930381, 4, 0.1], [[1, 0, 0, 0, 1, 1, 0, 1, 0, 1], -0.9429371961858459, 6, 0.1], [[0, 1, 1, 0, 1, 0, 0, 1, 0, 1], -0.9004931181352842, 3, 0.1], [[0, 0, 1, 0, 0, 1, 1, 1, 0, 1], -0.912420852819992, 1, 0.0], [[0, 0, 1, 0, 1, 0, 0, 1, 0, 1], -0.9380203623531247, 1, 0.1], [[0, 0, 0, 0, 1, 1, 1, 1, 0, 1], -0.941096953714659, 4, 0.1], [[0, 0, 0, 0, 0, 0, 0, 1, 0, 1], -0.9113441603427025, 1, 0.0], [[0, 0, 0, 1, 1, 1, 0, 1, 1, 1], -0.9110289329339527, 1, 0.0], [[0, 0, 1, 0, 1, 1, 0, 1, 1, 1], -0.9104753211772593, 4, 0.0], [[0, 0, 0, 1, 0, 1, 1, 1, 0, 1], -0.9101283483802708, 3, 0.0], [[0, 0, 1, 0, 1, 0, 0, 1, 1, 1], -0.9088044854578806, 2, 0.0], [[0, 1, 0, 1, 0, 1, 0, 1, 0, 1], -0.9080492533117027, 3, 0.0], [[0, 0, 0, 0, 1, 1, 0, 1, 0, 1], -0.9536027792006272, 1, 0.1], [[1, 0, 0, 1, 0, 1, 0, 1, 0, 1], -0.9075210265817434, 3, 0.0], [[0, 0, 0, 1, 0, 0, 0, 1, 0, 1], -0.906267137586308, 1, 0.0], [[0, 1, 0, 0, 0, 0, 0, 1, 0, 1], -0.9062363093551521, 1, 0.0], [[0, 0, 0, 0, 0, 0, 0, 1, 1, 1], -0.9060523684805657, 1, 0.0], [[0, 0, 0, 1, 1, 1, 0, 1, 0, 1], -0.9417095732909215, 2, 0.1], [[0, 1, 0, 1, 0, 1, 0, 1, 0, 1], -0.9080492533117027, 3, 0.1], [[0, 0, 0, 1, 1, 0, 0, 1, 0, 1], -0.9371779976553503, 2, 0.1], [[0, 0, 1, 1, 1, 0, 1, 1, 0, 1], -0.9048524111159197, 1, 0.0], [[1, 0, 1, 1, 1, 0, 0, 1, 0, 1], -0.9044760808104668, 1, 0.0], [[1, 0, 0, 0, 0, 1, 0, 1, 1, 1], -0.9044675950794168, 2, 0.0], [[1, 0, 0, 0, 1, 1, 0, 1, 0, 1], -0.9429371961858459, 3, 0.1], [[0, 1, 0, 0, 0, 0, 0, 1, 0, 1], -0.9062363093551521, 2, 0.1], [[0, 0, 0, 0, 1, 1, 1, 1, 0, 1], -0.941096953714659, 2, 0.1], [[0, 0, 0, 0, 1, 0, 1, 1, 0, 1], -0.9364034642767336, 2, 0.1], [[0, 0, 1, 1, 1, 1, 1, 1, 0, 1], -0.9032265115208089, 2, 0.0], [[1, 0, 1, 1, 1, 1, 0, 1, 0, 1], -0.9029878786398302, 1, 0.0], [[1, 0, 1, 0, 1, 1, 0, 1, 0, 1], -0.9289927006276191, 1, 0.1], [[0, 0, 0, 0, 1, 1, 1, 1, 1, 1], -0.902506793522527, 3, 0.0], [[0, 1, 1, 0, 1, 1, 0, 1, 0, 1], -0.902331018930381, 1, 0.0], [[0, 1, 1, 0, 0, 1, 0, 1, 0, 1], -0.8893890492225041, 2, 0.1], [[0, 0, 1, 1, 1, 1, 0, 1, 0, 1], -0.9274588569533724, 5, 0.1], [[0, 0, 0, 0, 1, 0, 1, 1, 1, 1], -0.9009828493780467, 1, 0.0], [[0, 0, 0, 0, 1, 1, 0, 1, 0, 1], -0.9536027792006272, 3, 0.1], [[1, 1, 0, 0, 1, 1, 0, 1, 0, 1], -0.9007098187157648, 1, 0.0], [[0, 0, 1, 0, 1, 1, 0, 1, 0, 1], -0.9428607433659484, 2, 0.1], [[0, 0, 0, 0, 1, 0, 0, 1, 0, 1], -0.9457571063599115, 1, 0.1], [[0, 0, 0, 0, 1, 1, 1, 1, 1, 1], -0.902506793522527, 1, 0.1], [[0, 1, 0, 0, 1, 1, 0, 1, 0, 1], -0.9421178061844637, 2, 0.1], [[1, 0, 1, 0, 1, 1, 0, 1, 0, 1], -0.9289927006276191, 1, 0.1], [[0, 1, 0, 1, 1, 1, 0, 1, 0, 1], -0.9204811789599903, 2, 0.1], [[1, 0, 1, 0, 0, 0, 0, 1, 0, 1], -0.8986324408044697, 1, 0.0], [[1, 0, 0, 0, 1, 1, 0, 1, 0, 1], -0.9429371961858459, 2, 0.1], [[1, 1, 0, 0, 1, 1, 0, 1, 0, 1], -0.9007098187157648, 1, 0.1], [[0, 0, 0, 1, 0, 1, 0, 1, 1, 1], -0.8983860156794023, 1, 0.0], [[0, 0, 0, 1, 1, 0, 0, 1, 0, 1], -0.9371779976553503, 3, 0.1], [[0, 0, 1, 1, 1, 0, 0, 1, 0, 1], -0.9259325731456929, 1, 0.1], [[0, 0, 0, 1, 1, 1, 0, 1, 0, 1], -0.9417095732909215, 2, 0.1], [[0, 1, 0, 1, 1, 0, 0, 1, 0, 1], -0.9189520835421457, 2, 0.1], [[1, 1, 0, 0, 1, 0, 0, 1, 0, 1], -0.8988811120710921, 1, 0.1], [[1, 0, 0, 0, 1, 0, 0, 1, 1, 1], -0.9160644173731896, 1, 0.1], [[0, 0, 0, 1, 1, 1, 1, 1, 0, 1], -0.9225147986195141, 1, 0.1], [[1, 0, 0, 1, 1, 1, 0, 1, 0, 1], -0.9204410547009274, 1, 0.1], [[0, 0, 1, 0, 0, 0, 1, 1, 0, 1], -0.8956283626000903, 1, 0.0], [[0, 0, 1, 0, 1, 0, 0, 1, 0, 1], -0.9380203623531247, 1, 0.1], [[1, 0, 0, 0, 0, 1, 0, 1, 0, 1], -0.926515082118495, 2, 0.1], [[1, 0, 0, 1, 1, 1, 0, 1, 0, 1], -0.9204410547009274, 1, 0.1], [[1, 0, 1, 0, 1, 0, 0, 1, 0, 1], -0.9271668055931115, 1, 0.1], [[0, 0, 0, 0, 0, 1, 1, 1, 0, 1], -0.9252084175272491, 1, 0.1], [[0, 0, 1, 1, 0, 1, 1, 1, 0, 1], -0.893832103170143, 1, 0.0], [[1, 0, 0, 0, 1, 0, 0, 1, 0, 1], -0.9381060093234463, 1, 0.1], [[1, 0, 1, 0, 1, 1, 0, 1, 0, 1], -0.9289927006276191, 1, 0.1], [[0, 0, 0, 1, 0, 0, 1, 1, 0, 1], -0.8936446635376213, 1, 0.0], [[0, 0, 0, 1, 1, 0, 0, 1, 0, 1], -0.9371779976553503, 1, 0.1], [[1, 1, 0, 0, 1, 1, 0, 1, 0, 1], -0.9007098187157648, 1, 0.1], [[0, 0, 1, 0, 1, 0, 0, 1, 0, 1], -0.9380203623531247, 1, 0.1], [[0, 0, 0, 0, 1, 0, 1, 1, 0, 1], -0.9364034642767336, 2, 0.1], [[0, 0, 0, 0, 1, 1, 0, 1, 1, 1], -0.9419777918404217, 1, 0.1], [[1, 0, 1, 0, 1, 0, 0, 1, 0, 1], -0.9271668055931115, 1, 0.1], [[1, 0, 0, 0, 1, 1, 0, 1, 0, 1], -0.9429371961858459, 2, 0.1], [[0, 0, 1, 0, 1, 0, 1, 1, 0, 1], -0.9236291495087912, 1, 0.1], [[0, 1, 0, 1, 0, 0, 0, 1, 0, 1], -0.8914158652839898, 3, 0.0], [[1, 1, 0, 0, 1, 0, 0, 1, 0, 1], -0.8988811120710921, 2, 0.1], [[0, 1, 0, 0, 1, 1, 1, 1, 0, 1], -0.8889050191231603, 1, 0.2], 