{"info": {"timing": {"qpu_sampling_time": 100782.08, "qpu_anneal_time_per_sample": 20.0, "qpu_readout_time_per_sample": 57.88, "qpu_access_time": 109227.08, "qpu_access_overhead_time": 12082.92, "qpu_programming_time": 8445.0, "qpu_delay_time_per_sample": 20.54, "post_processing_overhead_time": 2893.0, "total_post_processing_time": 2893.0}, "problem_id": "8ae85cd4-a3ff-4669-93f5-eff2d2c47dab", "problem_label": "QFS experiment qubo_synth_10 #14", "dt": 0.06780099868774414}, "record": [[[0, 0, 0, 0, 1, 1, 0, 1, 0, 1], -0.9536027792006272, 122, 0.0], [[0, 0, 0, 0, 1, 0, 0, 1, 0, 1], -0.9457571063599115, 47, 0.0], [[1, 0, 0, 0, 1, 1, 0, 1, 0, 1], -0.9429371961858459, 49, 0.0], [[0, 0, 1, 0, 1, 1, 0, 1, 0, 1], -0.9428607433659484, 41, 0.0], [[0, 1, 0, 0, 1, 1, 0, 1, 0, 1], -0.9421178061844637, 48, 0.0], [[0, 0, 0, 0, 1, 1, 0, 1, 1, 1], -0.9419777918404217, 37, 0.0], [[0, 0, 0, 1, 1, 1, 0, 1, 0, 1], -0.9417095732909215, 52, 0.0], [[0, 0, 0, 0, 1, 1, 1, 1, 0, 1], -0.941096953714659, 44, 0.0], [[1, 0, 0, 0, 1, 0, 0, 1, 0, 1], -0.9381060093234463, 22, 0.0], [[0, 0, 1, 0, 1, 0, 0, 1, 0, 1], -0.9380203623531247, 28, 0.0], [[0, 0, 0, 0, 1, 0, 0, 1, 1, 1], -0.9373016642931511, 25, 0.0], [[0, 1, 0, 0, 1, 0, 0, 1, 0, 1], -0.9372746135614749, 26, 0.0], [[0, 0, 0, 1, 1, 0, 0, 1, 0, 1], -0.9371779976553503, 28, 0.0], [[0, 0, 0, 0, 1, 0, 1, 1, 0, 1], -0.9364034642767336, 32, 0.0], [[0, 0, 0, 0, 0, 1, 0, 1, 0, 1], -0.9342941257932865, 30, 0.0], [[1, 0, 1, 0, 1, 1, 0, 1, 0, 1], -0.9289927006276191, 5, 0.0], [[0, 0, 1, 1, 1, 1, 0, 1, 0, 1], -0.9274588569533724, 14, 0.0], [[1, 0, 1, 0, 1, 0, 0, 1, 0, 1], -0.9271668055931115, 3, 0.0], [[1, 0, 0, 0, 1, 1, 0, 1, 0, 1], -0.9429371961858459, 6, 0.1], [[0, 0, 1, 0, 0, 1, 0, 1, 0, 1], -0.9265441318471852, 19, 0.0], [[1, 0, 0, 0, 0, 1, 0, 1, 0, 1], -0.926515082118495, 8, 0.0], [[0, 1, 0, 0, 0, 1, 0, 1, 0, 1], -0.9261837945880093, 24, 0.0], [[0, 0, 1, 1, 1, 0, 0, 1, 0, 1], -0.9259325731456929, 6, 0.0], [[0, 0, 0, 1, 0, 1, 0, 1, 0, 1], -0.9259030058317478, 18, 0.0], [[0, 0, 0, 0, 0, 1, 0, 1, 1, 1], -0.9258327886377047, 8, 0.0], [[0, 0, 1, 0, 1, 1, 1, 1, 0, 1], -0.9253173471188245, 14, 0.0], [[0, 0, 0, 0, 0, 1, 1, 1, 0, 1], -0.9252084175272491, 14, 0.0], [[0, 0, 1, 0, 1, 0, 1, 1, 0, 1], -0.9236291495087912, 5, 0.0], [[0, 0, 0, 0, 1, 1, 1, 1, 0, 1], -0.941096953714659, 11, 0.1], [[0, 0, 0, 1, 1, 1, 1, 1, 0, 1], -0.9225147986195141, 12, 0.0], [[1, 0, 0, 0, 1, 0, 0, 1, 0, 1], -0.9381060093234463, 6, 0.1], [[0, 0, 0, 1, 1, 0, 1, 1, 0, 1], -0.9211354063867329, 14, 0.0], [[0, 1, 0, 1, 1, 1, 0, 1, 0, 1], -0.9204811789599903, 2, 0.0], [[1, 0, 0, 1, 1, 1, 0, 1, 0, 1], -0.9204410547009274, 3, 0.0], [[0, 1, 0, 1, 1, 0, 0, 1, 0, 1], -0.9189520835421457, 4, 0.0], [[1, 0, 0, 1, 1, 0, 0, 1, 0, 1], -0.9189239650436721, 5, 0.0], [[1, 0, 0, 0, 1, 1, 0, 1, 1, 1], -0.9177260589421441, 5, 0.0], [[1, 0, 0, 0, 1, 0, 0, 1, 1, 1], -0.9160644173731896, 3, 0.0], [[1, 0, 1, 0, 0, 1, 0, 1, 0, 1], -0.9155626284488456, 4, 0.0], [[1, 0, 0, 0, 1, 1, 0, 1, 1, 1], -0.9177260589421441, 2, 0.1], [[0, 0, 0, 0, 1, 0, 1, 1, 0, 1], -0.9364034642767336, 2, 0.1], [[1, 0, 0, 1, 1, 1, 0, 1, 0, 1], -0.9204410547009274, 5, 0.1], [[0, 0, 1, 1, 0, 1, 0, 1, 0, 1], -0.9146443313827759, 3, 0.0], [[1, 0, 1, 0, 1, 1, 0, 1, 0, 1], -0.9289927006276191, 1, 0.1], [[1, 0, 0, 0, 1, 0, 0, 1, 1, 1], -0.9160644173731896, 2, 0.1], [[1, 0, 0, 1, 1, 0, 0, 1, 0, 1], -0.9189239650436721, 2, 0.1], [[0, 0, 1, 0, 0, 1, 1, 1, 0, 1], -0.912420852819992, 4, 0.0], [[0, 0, 0, 0, 1, 1, 0, 1, 0, 1], -0.9536027792006272, 3, 0.1], [[0, 0, 0, 0, 0, 0, 0, 1, 0, 1], -0.9113441603427025, 2, 0.0], [[0, 1, 0, 0, 1, 1, 1, 1, 0, 1], -0.8889050191231603, 3, 0.1], [[0, 0, 1, 0, 1, 1, 0, 1, 0, 1], -0.9428607433659484, 1, 0.1], [[0, 0, 0, 1, 1, 1, 0, 1, 1, 1], -0.9110289329339527, 3, 0.0], [[0, 0, 1, 0, 1, 1, 0, 1, 1, 1], -0.9104753211772593, 4, 0.0], [[0, 0, 0, 1, 0, 1, 1, 1, 0, 1], -0.9101283483802708, 6, 0.0], [[0, 0, 0, 1, 1, 1, 0, 1, 0, 1], -0.9417095732909215, 6, 0.1], [[0, 0, 0, 1, 1, 0, 0, 1, 1, 1], -0.9096669025918263, 1, 0.0], [[0, 0, 1, 0, 1, 0, 0, 1, 1, 1], -0.9088044854578806, 1, 0.0], [[0, 1, 0, 1, 0, 1, 0, 1, 0, 1], -0.9080492533117027, 2, 0.0], [[1, 0, 0, 0, 0, 1, 0, 1, 0, 1], -0.926515082118495, 4, 0.1], [[1, 0, 0, 1, 0, 1, 0, 1, 0, 1], -0.9075210265817434, 3, 0.0], [[0, 0, 1, 0, 1, 1, 1, 1, 0, 1], -0.9253173471188245, 2, 0.1], [[0, 0, 0, 0, 0, 1, 1, 1, 0, 1], -0.9252084175272491, 1, 0.1], [[0, 0, 1, 0, 0, 0, 0, 1, 0, 1], -0.9065994582244932, 2, 0.0], [[1, 0, 0, 0, 0, 0, 0, 1, 0, 1], -0.9065796026462271, 2, 0.0], [[0, 1, 0, 0, 1, 0, 1, 1, 0, 1], -0.8872140099029618, 1, 0.1], [[0, 0, 1, 0, 1, 0, 0, 1, 0, 1], -0.9380203623531247, 1, 0.1], [[0, 0, 0, 1, 0, 0, 0, 1, 0, 1], -0.906267137586308, 4, 0.0], [[0, 0, 1, 0, 1, 1, 0, 1, 0, 1], -0.9428607433659484, 1, 0.1], [[0, 0, 0, 1, 1, 1, 0, 1, 0, 1], -0.9417095732909215, 1, 0.1], [[0, 0, 0, 1, 1, 0, 0, 1, 0, 1], -0.9371779976553503, 3, 0.1], [[0, 0, 0, 0, 0, 0, 1, 1, 0, 1], -0.9054106354794554, 1, 0.0], [[0, 0, 1, 1, 1, 0, 1, 1, 0, 1], -0.9048524111159197, 3, 0.0], [[1, 0, 1, 1, 1, 0, 0, 1, 0, 1], -0.9044760808104668, 1, 0.0], [[1, 0, 0, 0, 0, 1, 0, 1, 1, 1], -0.9044675950794168, 2, 0.0], [[0, 0, 1, 0, 1, 1, 0, 1, 0, 1], -0.9428607433659484, 1, 0.1], [[1, 0, 0, 0, 1, 1, 0, 1, 0, 1], -0.9429371961858459, 1, 0.1], [[0, 1, 0, 0, 1, 1, 0, 1, 0, 1], -0.9421178061844637, 3, 0.1], [[0, 0, 1, 1, 1, 1, 1, 1, 0, 1], -0.9032265115208089, 2, 0.0], [[1, 0, 1, 1, 1, 1, 0, 1, 0, 1], -0.9029878786398302, 2, 0.0], [[0, 0, 0, 0, 1, 1, 1, 1, 1, 1], -0.902506793522527, 1, 0.0], [[0, 1, 1, 0, 1, 1, 0, 1, 0, 1], -0.902331018930381, 1, 0.0], [[0, 0, 1, 0, 1, 0, 1, 1, 0, 1], -0.9236291495087912, 2, 0.1], [[0, 0, 0, 1, 1, 1, 0, 1, 0, 1], -0.9417095732909215, 1, 0.1], [[0, 0, 0, 0, 1, 0, 1, 1, 1, 1], -0.9009828493780467, 2, 0.0], [[1, 1, 0, 0, 1, 1, 0, 1, 0, 1], -0.9007098187157648, 1, 0.0], [[0, 1, 1, 0, 1, 0, 0, 1, 0, 1], -0.9004931181352842, 2, 0.0], [[0, 0, 1, 0, 1, 1, 0, 1, 1, 1], -0.9104753211772593, 3, 0.1], [[1, 0, 0, 1, 0, 1, 0, 1, 0, 1], -0.9075210265817434, 1, 0.1], [[1, 0, 1, 1, 1, 1, 0, 1, 0, 1], -0.9029878786398302, 1, 0.1], [[0, 1, 0, 0, 0, 1, 1, 1, 0, 1], -0.8763911247466366, 2, 0.1], [[1, 0, 1, 0, 0, 0, 0, 1, 0, 1], -0.8986324408044697, 1, 0.0], [[0, 0, 0, 1, 1, 1, 0, 1, 1, 1], -0.9110289329339527, 2, 0.1], [[0, 0, 1, 1, 0, 0, 0, 1, 0, 1], -0.8980137549652281, 2, 0.0], [[0, 0, 0, 0, 1, 1, 0, 1, 0, 1], -0.9536027792006272, 2, 0.1], [[1, 0, 0, 1, 1, 1, 0, 1, 0, 1], -0.9204410547009274, 1, 0.1], [[0, 0, 1, 1, 1, 1, 0, 1, 0, 1], -0.9274588569533724, 2, 0.1], [[0, 1, 1, 0, 1, 1, 0, 1, 0, 1], -0.902331018930381, 1, 0.1], [[0, 1, 0, 1, 1, 1, 0, 1, 0, 1], -0.9204811789599903, 2, 0.1], [[0, 0, 1, 1, 1, 0, 0, 1, 0, 1], -0.9259325731456929, 1, 0.1], [[0, 0, 1, 1, 0, 1, 1, 1, 0, 1], -0.893832103170143, 1, 0.0], [[0, 0, 1, 0, 1, 1, 1, 1, 0, 1], -0.9253173471188245, 1, 0.1], [[0, 0, 0, 1, 1, 1, 1, 1, 0, 1], -0.9225147986195141, 1, 0.1], [[1, 0, 1, 0, 1, 1, 0, 1, 0, 1], -0.9289927006276191, 2, 0.1], [[0, 0, 0, 1, 0, 1, 0, 1, 0, 1], -0.9259030058317478, 1, 0.1], [[0, 0, 1, 1, 1, 1, 0, 1, 0, 1], -0.9274588569533724, 1, 0.1], [[0, 0, 1, 1, 1, 0, 0, 1, 0, 1], -0.9259325731456929, 1, 0.1], [[0, 0, 0, 0, 0, 1, 1, 1, 1, 1], -0.8897819075397406, 1, 0.0], [[0, 0, 1, 0, 0, 1, 0, 1, 0, 1], -0.9265441318471852, 2, 0.1], [[1, 0, 0, 1, 1, 1, 0, 1, 0, 1], -0.9204410547009274, 1, 0.1], [[0, 0, 0, 1, 1, 0, 1, 1, 0, 1], -0.9211354063867329, 1, 0.1], [[0, 0, 0, 0, 1, 1, 0, 1, 1, 1], -0.9419777918404217, 2, 0.1], [[1, 1, 0, 0, 0, 1, 0, 1, 0, 1], -0.8876623464593002, 1, 0.0], [[1, 0, 0, 1, 1, 0, 0, 1, 0, 1], -0.9189239650436721, 1, 0.1], [[1, 0, 1, 1, 0, 1, 0, 1, 0, 1], -0.8930598924092235, 2, 0.1], [[1, 0, 0, 0, 1, 1, 0, 1, 0, 1], -0.9429371961858459, 1, 0.1], [[0, 1, 0, 0, 1, 1, 0, 1, 0, 1], -0.9421178061844637, 1, 0.1], [[0, 1, 0, 0, 1, 1, 0, 1, 1, 1], -0.8846710154637532, 1, 0.0], [[0, 1, 0, 1, 1, 1, 0, 1, 0, 1], -0.9204811789599903, 1, 0.1], [[1, 1, 0, 0, 1, 0, 0, 1, 0, 1], -0.8988811120710921, 1, 0.1],