{"info": {"timing": {"qpu_sampling_time": 114544.64, "qpu_anneal_time_per_sample": 20.0, "qpu_readout_time_per_sample": 71.32, "qpu_access_time": 122990.04, "qpu_access_overhead_time": 11242.96, "qpu_programming_time": 8445.4, "qpu_delay_time_per_sample": 20.54, "post_processing_overhead_time": 4351.0, "total_post_processing_time": 4351.0}, "problem_id": "80caa5cd-bc9c-42ec-ad3d-5df61bf13c22", "problem_label": "QFS experiment qubo_synth_10 #1", "dt": 0.07750535011291504}, "record": [[[0, 0, 0, 0, 1, 1, 0, 1, 0, 1], -0.9536027792006272, 152, 0.0], [[0, 0, 0, 0, 1, 0, 0, 1, 0, 1], -0.9457571063599115, 56, 0.0], [[1, 0, 0, 0, 1, 1, 0, 1, 0, 1], -0.9429371961858459, 71, 0.0], [[0, 0, 1, 0, 1, 1, 0, 1, 0, 1], -0.9428607433659484, 50, 0.0], [[0, 1, 0, 0, 1, 1, 0, 1, 0, 1], -0.9421178061844637, 49, 0.0], [[0, 0, 0, 0, 1, 1, 0, 1, 1, 1], -0.9419777918404217, 28, 0.0], [[0, 0, 0, 1, 1, 1, 0, 1, 0, 1], -0.9417095732909215, 47, 0.0], [[0, 0, 0, 0, 1, 1, 1, 1, 0, 1], -0.941096953714659, 42, 0.0], [[1, 0, 0, 0, 1, 0, 0, 1, 0, 1], -0.9381060093234463, 54, 0.0], [[0, 0, 1, 0, 1, 0, 0, 1, 0, 1], -0.9380203623531247, 17, 0.0], [[0, 0, 0, 0, 1, 0, 0, 1, 1, 1], -0.9373016642931511, 25, 0.0], [[0, 1, 0, 0, 1, 0, 0, 1, 0, 1], -0.9372746135614749, 33, 0.0], [[0, 0, 0, 1, 1, 0, 0, 1, 0, 1], -0.9371779976553503, 15, 0.0], [[0, 0, 0, 0, 1, 0, 1, 1, 0, 1], -0.9364034642767336, 22, 0.0], [[0, 0, 0, 0, 0, 1, 0, 1, 0, 1], -0.9342941257932865, 20, 0.0], [[1, 0, 1, 0, 1, 1, 0, 1, 0, 1], -0.9289927006276191, 24, 0.0], [[0, 0, 1, 1, 1, 1, 0, 1, 0, 1], -0.9274588569533724, 9, 0.0], [[1, 0, 1, 0, 1, 0, 0, 1, 0, 1], -0.9271668055931115, 11, 0.0], [[0, 0, 1, 0, 0, 1, 0, 1, 0, 1], -0.9265441318471852, 5, 0.0], [[1, 0, 0, 0, 0, 1, 0, 1, 0, 1], -0.926515082118495, 11, 0.0], [[0, 1, 0, 0, 0, 1, 0, 1, 0, 1], -0.9261837945880093, 4, 0.0], [[0, 0, 1, 1, 1, 0, 0, 1, 0, 1], -0.9259325731456929, 7, 0.0], [[0, 0, 0, 1, 0, 1, 0, 1, 0, 1], -0.9259030058317478, 10, 0.0], [[0, 0, 0, 0, 0, 1, 0, 1, 1, 1], -0.9258327886377047, 6, 0.0], [[0, 0, 1, 0, 1, 1, 1, 1, 0, 1], -0.9253173471188245, 7, 0.0], [[0, 0, 0, 0, 0, 1, 1, 1, 0, 1], -0.9252084175272491, 1, 0.0], [[0, 0, 1, 0, 1, 0, 1, 1, 0, 1], -0.9236291495087912, 8, 0.0], [[0, 0, 0, 1, 1, 1, 1, 1, 0, 1], -0.9225147986195141, 9, 0.0], [[0, 0, 1, 0, 1, 1, 0, 1, 0, 1], -0.9428607433659484, 6, 0.1], [[0, 0, 0, 1, 1, 0, 1, 1, 0, 1], -0.9211354063867329, 3, 0.0], [[0, 1, 0, 1, 1, 1, 0, 1, 0, 1], -0.9204811789599903, 1, 0.0], [[1, 0, 0, 1, 1, 1, 0, 1, 0, 1], -0.9204410547009274, 8, 0.0], [[0, 1, 0, 1, 1, 0, 0, 1, 0, 1], -0.9189520835421457, 7, 0.0], [[1, 0, 0, 1, 1, 0, 0, 1, 0, 1], -0.9189239650436721, 12, 0.0], [[1, 0, 0, 0, 1, 1, 0, 1, 1, 1], -0.9177260589421441, 6, 0.0], [[0, 0, 0, 0, 1, 1, 0, 1, 1, 1], -0.9419777918404217, 8, 0.1], [[0, 0, 0, 0, 1, 1, 0, 1, 0, 1], -0.9536027792006272, 6, 0.1], [[1, 0, 0, 0, 1, 0, 0, 1, 1, 1], -0.9160644173731896, 5, 0.0], [[1, 0, 1, 0, 0, 1, 0, 1, 0, 1], -0.9155626284488456, 2, 0.0], [[0, 0, 1, 1, 0, 1, 0, 1, 0, 1], -0.9146443313827759, 4, 0.0], [[0, 0, 1, 0, 0, 1, 1, 1, 0, 1], -0.912420852819992, 1, 0.0], [[0, 0, 0, 0, 1, 1, 1, 1, 0, 1], -0.941096953714659, 2, 0.1], [[1, 0, 0, 0, 1, 1, 0, 1, 0, 1], -0.9429371961858459, 5, 0.1], [[0, 0, 0, 0, 0, 0, 0, 1, 0, 1], -0.9113441603427025, 2, 0.0], [[0, 0, 0, 0, 1, 0, 0, 1, 1, 1], -0.9373016642931511, 3, 0.1], [[0, 0, 0, 1, 1, 1, 0, 1, 1, 1], -0.9110289329339527, 4, 0.0], [[1, 0, 1, 0, 1, 1, 0, 1, 0, 1], -0.9289927006276191, 3, 0.1], [[0, 0, 1, 0, 1, 1, 0, 1, 1, 1], -0.9104753211772593, 3, 0.0], [[0, 0, 0, 1, 1, 0, 0, 1, 1, 1], -0.9096669025918263, 1, 0.0], [[0, 0, 1, 0, 1, 0, 0, 1, 1, 1], -0.9088044854578806, 3, 0.0], [[1, 0, 0, 0, 1, 1, 0, 1, 0, 1], -0.9429371961858459, 3, 0.1], [[0, 0, 1, 0, 1, 1, 0, 1, 0, 1], -0.9428607433659484, 1, 0.1], [[0, 1, 0, 1, 0, 1, 0, 1, 0, 1], -0.9080492533117027, 1, 0.0], [[1, 0, 0, 1, 0, 1, 0, 1, 0, 1], -0.9075210265817434, 3, 0.0], [[1, 0, 0, 0, 1, 1, 0, 1, 1, 1], -0.9177260589421441, 5, 0.1], [[1, 0, 0, 0, 1, 0, 0, 1, 0, 1], -0.9381060093234463, 3, 0.1], [[0, 0, 1, 0, 1, 1, 0, 1, 1, 1], -0.9104753211772593, 1, 0.1], [[1, 0, 0, 0, 0, 0, 0, 1, 0, 1], -0.9065796026462271, 2, 0.0], [[0, 0, 0, 1, 0, 0, 0, 1, 0, 1], -0.906267137586308, 1, 0.0], [[0, 1, 0, 0, 0, 0, 0, 1, 0, 1], -0.9062363093551521, 1, 0.0], [[0, 0, 0, 0, 1, 1, 0, 1, 0, 1], -0.9536027792006272, 1, 0.1], [[0, 0, 0, 0, 1, 1, 0, 1, 1, 1], -0.9419777918404217, 1, 0.1], [[0, 0, 1, 1, 1, 1, 0, 1, 0, 1], -0.9274588569533724, 1, 0.1], [[1, 0, 0, 0, 1, 1, 0, 1, 0, 1], -0.9429371961858459, 1, 0.1], [[0, 0, 0, 0, 1, 0, 1, 1, 0, 1], -0.9364034642767336, 1, 0.1], [[0, 0, 0, 0, 0, 0, 1, 1, 0, 1], -0.9054106354794554, 2, 0.0], [[0, 0, 0, 0, 1, 1, 1, 1, 0, 1], -0.941096953714659, 1, 0.1], [[0, 0, 1, 1, 1, 0, 1, 1, 0, 1], -0.9048524111159197, 1, 0.0], [[0, 1, 0, 0, 1, 1, 0, 1, 0, 1], -0.9421178061844637, 5, 0.1], [[0, 0, 1, 1, 1, 0, 0, 1, 0, 1], -0.9259325731456929, 2, 0.1], [[1, 0, 1, 1, 1, 0, 0, 1, 0, 1], -0.9044760808104668, 1, 0.0], [[1, 0, 0, 0, 0, 1, 0, 1, 1, 1], -0.9044675950794168, 2, 0.0], [[0, 0, 0, 1, 1, 1, 0, 1, 0, 1], -0.9417095732909215, 1, 0.1], [[0, 0, 1, 0, 1, 1, 1, 1, 0, 1], -0.9253173471188245, 1, 0.1], [[0, 0, 0, 0, 1, 1, 0, 1, 0, 1], -0.9536027792006272, 3, 0.1], [[0, 0, 0, 0, 1, 1, 1, 1, 0, 1], -0.941096953714659, 1, 0.1], [[1, 0, 1, 1, 1, 1, 0, 1, 0, 1], -0.9029878786398302, 2, 0.0], [[0, 0, 0, 0, 1, 1, 1, 1, 1, 1], -0.902506793522527, 2, 0.0], [[0, 0, 0, 0, 1, 1, 0, 1, 0, 1], -0.9536027792006272, 1, 0.1], [[0, 1, 1, 0, 1, 1, 0, 1, 0, 1], -0.902331018930381, 1, 0.0], [[1, 0, 1, 0, 1, 1, 0, 1, 0, 1], -0.9289927006276191, 1, 0.1], [[1, 1, 0, 0, 1, 1, 0, 1, 0, 1], -0.9007098187157648, 3, 0.0], [[0, 1, 1, 0, 1, 0, 0, 1, 0, 1], -0.9004931181352842, 2, 0.0], [[0, 1, 0, 0, 1, 1, 1, 1, 0, 1], -0.8889050191231603, 3, 0.1], [[0, 0, 0, 1, 1, 1, 1, 1, 0, 1], -0.9225147986195141, 1, 0.1], [[1, 0, 0, 0, 1, 1, 0, 1, 1, 1], -0.9177260589421441, 1, 0.1], [[1, 0, 0, 1, 1, 1, 0, 1, 0, 1], -0.9204410547009274, 2, 0.1], [[0, 0, 0, 0, 1, 1, 0, 1, 1, 1], -0.9419777918404217, 2, 0.1], [[1, 0, 1, 0, 1, 0, 0, 1, 0, 1], -0.9271668055931115, 1, 0.1], [[1, 1, 0, 0, 1, 0, 0, 1, 0, 1], -0.8988811120710921, 2, 0.0], [[0, 0, 1, 0, 1, 1, 0, 1, 0, 1], -0.9428607433659484, 1, 0.1], [[0, 0, 0, 0, 1, 0, 0, 1, 0, 1], -0.9457571063599115, 2, 0.1], [[0, 1, 0, 0, 1, 1, 0, 1, 0, 1], -0.9421178061844637, 1, 0.1], [[0, 0, 1, 1, 0, 0, 0, 1, 0, 1], -0.8980137549652281, 1, 0.0], [[1, 0, 0, 0, 1, 0, 0, 1, 0, 1], -0.9381060093234463, 1, 0.1], [[0, 0, 0, 0, 1, 0, 1, 1, 0, 1], -0.9364034642767336, 2, 0.1], [[0, 1, 0, 0, 1, 0, 1, 1, 0, 1], -0.8872140099029618, 1, 0.1], [[1, 0, 0, 0, 1, 1, 0, 1, 0, 1], -0.9429371961858459, 1, 0.1], [[0, 1, 0, 0, 1, 1, 0, 1, 0, 1], -0.9421178061844637, 2, 0.1], [[0, 0, 0, 1, 1, 1, 0, 1, 0, 1], -0.9417095732909215, 2, 0.1], [[1, 0, 1, 0, 0, 1, 0, 1, 0, 1], -0.9155626284488456, 1, 0.1], [[0, 0, 0, 1, 0, 0, 1, 1, 0, 1], -0.8936446635376213, 1, 0.0], [[0, 0, 1, 0, 1, 0, 0, 1, 0, 1], -0.9380203623531247, 1, 0.1], [[1, 0, 0, 0, 0, 1, 0, 1, 0, 1], -0.926515082118495, 2, 0.1], [[0, 0, 0, 0, 1, 1, 1, 1, 0, 1], -0.941096953714659, 1, 0.1], [[1, 0, 0, 0, 1, 1, 1, 1, 0, 1], -0.8645107553656811, 3, 0.1], [[0, 1, 0, 0, 1, 0, 0, 1, 0, 1], -0.9372746135614749, 1, 0.1], [[1, 0, 0, 0, 1, 1, 0, 1, 0, 1], -0.9429371961858459, 3, 0.1], [[0, 0, 1, 1, 1, 1, 0, 1, 0, 1], -0.9274588569533724, 1, 0.1], [[1, 0, 0, 0, 1, 1, 1, 1, 0, 1], -0.8645107553656811, 1, 0.1], [[0, 0, 1, 0, 1, 0, 1, 1, 0, 1], -0.9236291495087912, 1, 0.1], [[0, 0, 0, 0, 1, 1, 1, 1, 1, 1], -0.902506793522527, 1, 0.1], [[0, 0, 1, 0, 0, 1, 0, 1, 1, 1], -0.8973223598631196, 1, 0.1], [[1, 0, 0, 0, 1, 0, 1, 1, 0, 1], -0.8628317519060719, 1, 0.1], [[0, 0, 1, 0, 1, 1, 0, 1, 1, 1], -0.9104753211772593, 1, 0.1], [[1, 0, 1, 1, 1, 1, 0, 1, 0, 1], -0.9029878786398302, 1, 0.1], [[0, 0, 1, 0, 1, 1, 0, 1, 1, 1], -0.9104753211772593, 1, 0.2], [[1, 0, 0, 0, 0, 1, 0, 1, 1, 1], -0.9044675950794168, 1, 0.1], [[0, 0, 1, 1, 1, 0, 0, 1, 0, 1], -0.9259325731456929, 1, 0.1], [[0, 