{"info": {"timing": {"qpu_sampling_time": 143544.32, "qpu_anneal_time_per_sample": 20.0, "qpu_readout_time_per_sample": 99.64, "qpu_access_time": 151989.72, "qpu_access_overhead_time": 16344.28, "qpu_programming_time": 8445.4, "qpu_delay_time_per_sample": 20.54, "post_processing_overhead_time": 2395.0, "total_post_processing_time": 2395.0}, "problem_id": "0dee9406-af74-4675-abe0-ca443626773c", "problem_label": "QFS experiment qubo_synth_10 #13", "dt": 0.08559107780456543}, "record": [[[0, 0, 0, 0, 1, 1, 0, 1, 0, 1], -0.9536027792006272, 159, 0.0], [[0, 0, 0, 0, 1, 0, 0, 1, 0, 1], -0.9457571063599115, 53, 0.0], [[0, 0, 0, 0, 1, 1, 1, 1, 0, 1], -0.941096953714659, 47, 0.1], [[1, 0, 0, 0, 1, 1, 0, 1, 0, 1], -0.9429371961858459, 49, 0.0], [[0, 0, 1, 0, 1, 1, 0, 1, 0, 1], -0.9428607433659484, 28, 0.0], [[0, 1, 0, 0, 1, 1, 0, 1, 0, 1], -0.9421178061844637, 30, 0.0], [[0, 0, 0, 0, 1, 1, 0, 1, 1, 1], -0.9419777918404217, 27, 0.0], [[0, 0, 0, 1, 1, 1, 0, 1, 0, 1], -0.9417095732909215, 74, 0.0], [[0, 0, 0, 0, 1, 1, 1, 1, 0, 1], -0.941096953714659, 23, 0.0], [[0, 0, 0, 0, 1, 0, 1, 1, 0, 1], -0.9364034642767336, 23, 0.1], [[1, 0, 0, 0, 1, 0, 0, 1, 0, 1], -0.9381060093234463, 24, 0.0], [[0, 0, 1, 0, 1, 0, 0, 1, 0, 1], -0.9380203623531247, 25, 0.0], [[0, 0, 0, 0, 1, 0, 0, 1, 1, 1], -0.9373016642931511, 12, 0.0], [[0, 1, 0, 0, 1, 0, 0, 1, 0, 1], -0.9372746135614749, 23, 0.0], [[0, 0, 0, 1, 1, 0, 0, 1, 0, 1], -0.9371779976553503, 32, 0.0], [[0, 0, 0, 0, 1, 0, 1, 1, 0, 1], -0.9364034642767336, 14, 0.0], [[0, 0, 0, 0, 0, 1, 0, 1, 0, 1], -0.9342941257932865, 32, 0.0], [[0, 0, 1, 0, 1, 1, 1, 1, 0, 1], -0.9253173471188245, 7, 0.1], [[1, 0, 1, 0, 1, 1, 0, 1, 0, 1], -0.9289927006276191, 7, 0.0], [[0, 0, 1, 1, 1, 1, 0, 1, 0, 1], -0.9274588569533724, 9, 0.0], [[0, 0, 1, 0, 1, 0, 1, 1, 0, 1], -0.9236291495087912, 5, 0.1], [[0, 0, 0, 0, 0, 1, 1, 1, 0, 1], -0.9252084175272491, 7, 0.1], [[1, 0, 1, 0, 1, 0, 0, 1, 0, 1], -0.9271668055931115, 5, 0.0], [[0, 0, 1, 0, 0, 1, 0, 1, 0, 1], -0.9265441318471852, 9, 0.0], [[1, 0, 0, 0, 0, 1, 0, 1, 0, 1], -0.926515082118495, 16, 0.0], [[0, 0, 0, 1, 1, 1, 1, 1, 0, 1], -0.9225147986195141, 8, 0.1], [[0, 1, 0, 0, 0, 1, 0, 1, 0, 1], -0.9261837945880093, 9, 0.0], [[0, 0, 1, 1, 1, 0, 0, 1, 0, 1], -0.9259325731456929, 8, 0.0], [[0, 0, 0, 1, 0, 1, 0, 1, 0, 1], -0.9259030058317478, 23, 0.0], [[0, 0, 0, 0, 0, 1, 0, 1, 1, 1], -0.9258327886377047, 4, 0.0], [[0, 0, 1, 0, 1, 1, 1, 1, 0, 1], -0.9253173471188245, 4, 0.0], [[0, 0, 0, 0, 0, 1, 1, 1, 0, 1], -0.9252084175272491, 9, 0.0], [[0, 0, 0, 1, 1, 0, 1, 1, 0, 1], -0.9211354063867329, 7, 0.1], [[0, 0, 0, 0, 1, 1, 0, 1, 0, 1], -0.9536027792006272, 9, 0.1], [[0, 0, 1, 0, 1, 0, 1, 1, 0, 1], -0.9236291495087912, 5, 0.0], [[0, 0, 0, 1, 1, 1, 1, 1, 0, 1], -0.9225147986195141, 9, 0.0], [[0, 0, 0, 1, 1, 0, 1, 1, 0, 1], -0.9211354063867329, 7, 0.0], [[0, 1, 0, 1, 1, 1, 0, 1, 0, 1], -0.9204811789599903, 6, 0.0], [[1, 0, 0, 1, 1, 1, 0, 1, 0, 1], -0.9204410547009274, 8, 0.0], [[0, 1, 0, 1, 1, 0, 0, 1, 0, 1], -0.9189520835421457, 4, 0.0], [[1, 0, 0, 1, 1, 0, 0, 1, 0, 1], -0.9189239650436721, 7, 0.0], [[1, 0, 0, 0, 1, 1, 0, 1, 0, 1], -0.9429371961858459, 7, 0.1], [[0, 0, 0, 0, 1, 1, 1, 1, 0, 1], -0.941096953714659, 2, 0.2], [[1, 0, 0, 0, 1, 1, 0, 1, 1, 1], -0.9177260589421441, 2, 0.0], [[1, 0, 0, 0, 1, 0, 0, 1, 1, 1], -0.9160644173731896, 1, 0.0], [[1, 0, 1, 0, 0, 1, 0, 1, 0, 1], -0.9155626284488456, 5, 0.0], [[1, 0, 0, 0, 1, 1, 0, 1, 0, 1], -0.9429371961858459, 2, 0.1], [[0, 0, 1, 1, 0, 1, 0, 1, 0, 1], -0.9146443313827759, 5, 0.0], [[0, 0, 0, 0, 1, 1, 1, 1, 0, 1], -0.941096953714659, 2, 0.1], [[0, 0, 0, 1, 1, 1, 0, 1, 0, 1], -0.9417095732909215, 5, 0.1], [[0, 1, 0, 0, 1, 1, 0, 1, 0, 1], -0.9421178061844637, 1, 0.1], [[0, 0, 0, 1, 1, 1, 0, 1, 0, 1], -0.9417095732909215, 8, 0.1], [[0, 1, 0, 0, 1, 0, 0, 1, 0, 1], -0.9372746135614749, 2, 0.1], [[0, 0, 0, 0, 1, 1, 0, 1, 0, 1], -0.9536027792006272, 4, 0.1], [[0, 0, 1, 0, 0, 1, 1, 1, 0, 1], -0.912420852819992, 2, 0.0], [[0, 0, 0, 0, 1, 1, 0, 1, 1, 1], -0.9419777918404217, 1, 0.1], [[0, 0, 0, 1, 0, 1, 1, 1, 0, 1], -0.9101283483802708, 3, 0.1], [[1, 0, 0, 0, 1, 0, 0, 1, 0, 1], -0.9381060093234463, 1, 0.1], [[0, 0, 0, 0, 0, 0, 0, 1, 0, 1], -0.9113441603427025, 2, 0.0], [[0, 0, 0, 1, 1, 1, 0, 1, 1, 1], -0.9110289329339527, 2, 0.0], [[0, 1, 0, 0, 1, 1, 1, 1, 0, 1], -0.8889050191231603, 2, 0.2], [[0, 0, 0, 1, 0, 1, 1, 1, 0, 1], -0.9101283483802708, 4, 0.0], [[0, 0, 0, 1, 1, 0, 0, 1, 1, 1], -0.9096669025918263, 2, 0.0], [[0, 0, 1, 0, 1, 0, 0, 1, 1, 1], -0.9088044854578806, 1, 0.0], [[0, 0, 1, 1, 1, 0, 1, 1, 0, 1], -0.9048524111159197, 1, 0.1], [[0, 1, 0, 1, 0, 1, 0, 1, 0, 1], -0.9080492533117027, 1, 0.0], [[0, 0, 0, 0, 0, 0, 1, 1, 0, 1], -0.9054106354794554, 2, 0.1], [[0, 1, 0, 0, 1, 1, 1, 1, 0, 1], -0.8889050191231603, 2, 0.1], [[0, 0, 1, 0, 0, 0, 0, 1, 0, 1], -0.9065994582244932, 2, 0.0], [[1, 0, 0, 0, 0, 0, 0, 1, 0, 1], -0.9065796026462271, 1, 0.0], [[0, 0, 0, 1, 0, 0, 0, 1, 0, 1], -0.906267137586308, 5, 0.0], [[0, 1, 0, 0, 0, 0, 0, 1, 0, 1], -0.9062363093551521, 1, 0.0], [[0, 0, 0, 0, 0, 0, 0, 1, 1, 1], -0.9060523684805657, 3, 0.0], [[0, 0, 0, 1, 1, 1, 1, 1, 0, 1], -0.9225147986195141, 1, 0.2], [[0, 0, 0, 0, 0, 0, 1, 1, 0, 1], -0.9054106354794554, 2, 0.0], [[0, 0, 0, 0, 1, 0, 1, 1, 1, 1], -0.9009828493780467, 1, 0.1], [[0, 0, 0, 0, 1, 0, 0, 1, 0, 1], -0.9457571063599115, 1, 0.1], [[1, 0, 1, 1, 1, 0, 0, 1, 0, 1], -0.9044760808104668, 4, 0.0], [[1, 0, 1, 0, 1, 0, 0, 1, 0, 1], -0.9271668055931115, 1, 0.1], [[1, 0, 0, 0, 0, 1, 0, 1, 1, 1], -0.9044675950794168, 1, 0.0], [[1, 0, 1, 1, 1, 1, 0, 1, 0, 1], -0.9029878786398302, 1, 0.0], [[0, 0, 0, 1, 1, 0, 1, 1, 0, 1], -0.9211354063867329, 2, 0.2], [[0, 0, 1, 0, 1, 1, 1, 1, 0, 1], -0.9253173471188245, 1, 0.2], [[0, 1, 0, 1, 1, 1, 0, 1, 0, 1], -0.9204811789599903, 1, 0.1], [[1, 0, 0, 0, 1, 1, 0, 1, 0, 1], -0.9429371961858459, 3, 0.1], [[0, 0, 1, 0, 1, 1, 0, 1, 0, 1], -0.9428607433659484, 1, 0.1], [[0, 0, 0, 0, 1, 1, 1, 1, 0, 1], -0.941096953714659, 1, 0.1], [[1, 0, 0, 1, 1, 1, 0, 1, 0, 1], -0.9204410547009274, 1, 0.1], [[1, 0, 1, 0, 1, 1, 0, 1, 0, 1], -0.9289927006276191, 1, 0.1], [[0, 0, 0, 1, 1, 1, 0, 1, 0, 1], -0.9417095732909215, 2, 0.1], [[1, 1, 0, 0, 1, 1, 0, 1, 0, 1], -0.9007098187157648, 1, 0.0], [[0, 0, 1, 1, 1, 1, 0, 1, 0, 1], -0.9274588569533724, 1, 0.1], [[1, 0, 0, 0, 1, 1, 0, 1, 0, 1], -0.9429371961858459, 1, 0.1], [[1, 0, 1, 0, 0, 0, 0, 1, 0, 1], -0.8986324408044697, 1, 0.0], [[1, 0, 0, 1, 1, 0, 0, 1, 0, 1], -0.9189239650436721, 1, 0.1], [[0, 0, 1, 0, 0, 1, 0, 1, 1, 1], -0.8973223598631196, 1, 0.0], [[0, 0, 0, 0, 1, 0, 1, 1, 0, 1], -0.9364034642767336, 1, 0.1], [[0, 1, 0, 0, 1, 0, 0, 1, 0, 1], -0.9372746135614749, 2, 0.1], [[0, 0, 0, 1, 0, 0, 1, 1, 0, 1], -0.8936446635376213, 1, 0.1], [[0, 0, 1, 0, 0, 0, 1, 1, 0, 1], -0.8956283626000903, 1, 0.0], [[1, 0, 0, 1, 1, 0, 0, 1, 0, 1], -0.9189239650436721, 2, 0.1], [[0, 1, 0, 1, 1, 1, 0, 1, 0, 1], -0.9204811789599903, 1, 0.1], [[1, 0, 0, 0, 1, 0, 0, 1, 0, 1], -0.9381060093234463, 2, 0.1], [[1, 1, 0, 0, 1, 1, 0, 1, 0, 1], -0.9007098187157648, 2, 0.1], [[0, 1, 0, 1, 0, 0, 0, 1, 0, 1], -0.8914158652839898, 1, 0.0], [[1, 0, 0, 1, 0, 0, 0, 1, 0, 1], -0.8908996443146197, 1, 0.0], [[0, 1, 0, 0, 0, 1, 1, 1, 0, 1], -0.8763911247466366, 1, 0.1], [[0, 1, 1, 0, 0, 1, 0, 1, 0, 1], -0.8893890492225041, 1, 0.0], [[1, 0, 0, 0, 1, 1, 0, 1, 0, 1], -0.9429371961858459, 1, 0.2], [[1, 1, 0, 0, 0, 1, 0, 1, 0, 1], -0.8876623464593002, 1, 0.0], [[0, 1, 0, 1, 0, 1, 0, 1, 0, 1], -0.9080492533117027, 2, 0.1], [[0, 0, 0, 1, 0, 1, 0, 1, 0, 1], -0.9259030058317478, 2, 0.1], [[0, 0, 0, 0, 0, 1, 1, 1, 0, 1], -0.9252084175272491, 1, 0.2], [[0, 0, 1, 0, 1, 0, 1, 1, 0, 1], -0.9236291495087912, 1, 0.1], [[0, 1, 0, 1, 1, 1, 1, 1, 0, 1], -0.8605794427132475, 1, 0.1], [[0, 1, 0, 0, 0, 1, 0, 1, 0, 1], -0.9261837945880093, 1, 0.1], [[1, 0, 0, 1, 1, 0, 0, 1, 0, 1], -0.9189239650436721, 1, 0.1], [[1, 0, 0, 0, 0, 1, 0, 1, 0, 1], -0.926515082118495, 1, 0.1], [[0, 0, 0, 1, 1, 0, 1, 1, 0, 1], -0.9211354063867329, 1, 0.1], 